<?xml version="1.0" encoding="UTF-8"?><packet><chat thread="64" no="417" vpos="379" date="1718202589" date_usec="783689" mail="184 white naka medium" user_id="0f2d0e12-9b6f-4d0d-8238-66ed8b655007" anonymity="1" nx_jikkyo="1">今日見て来た</chat><chat thread="64" no="418" vpos="1856" date="1718202604" date_usec="555721" mail="184 white naka medium" user_id="acd0a955-dbf0-44d8-925e-c2d1b118b109" anonymity="1" nx_jikkyo="1">nasneの録画のコメントが付けられ無くなるのが一番キツい　</chat><chat thread="64" no="419" vpos="2165" date="1718202607" date_usec="6449" mail="184 white naka medium" user_id="bd9a1102-de39-4189-9fb7-3a8913b962be" anonymity="1" nx_jikkyo="1">きたああああああ</chat><chat thread="64" no="420" vpos="2542" date="1718202611" date_usec="419837" mail="184 white naka medium" user_id="bf880002-85f4-480b-b80a-d061b0b0c92c" anonymity="1" nx_jikkyo="1">ｈｊｍｔ</chat><chat thread="64" no="421" vpos="3576" date="1718202621" date_usec="755603" mail="184 white naka medium" user_id="2687d400-5a9f-4064-8661-d3b6050e8cca" anonymity="1" nx_jikkyo="1">はじまったぁぁぁ</chat><chat thread="64" no="422" vpos="3861" date="1718202624" date_usec="608402" mail="184 white naka medium" user_id="fb060946-e284-4e3a-9f4b-0db56e08ec71" anonymity="1" nx_jikkyo="1">はじまた</chat><chat thread="64" no="423" vpos="3965" date="1718202625" date_usec="648112" mail="184 white naka medium" user_id="1df87d4b-b90f-46db-9487-9ddc373c5fc6" anonymity="1" nx_jikkyo="1">なにそれ</chat><chat thread="64" no="424" vpos="4128" date="1718202627" date_usec="278619" mail="184 white naka medium" user_id="acd0a955-dbf0-44d8-925e-c2d1b118b109" anonymity="1" nx_jikkyo="1">なんだそれw</chat><chat thread="64" no="425" vpos="4554" date="1718202631" date_usec="539073" mail="184 white naka medium" user_id="80cc1fb3-5a52-4ce5-be99-eb37979d827a" anonymity="1" nx_jikkyo="1">どんなすね方だｗ</chat><chat thread="64" no="426" vpos="4993" date="1718202635" date_usec="926726" mail="184 white naka medium" user_id="1df87d4b-b90f-46db-9487-9ddc373c5fc6" anonymity="1" nx_jikkyo="1">ぷち・・ぷち？</chat><chat thread="64" no="427" vpos="5054" date="1718202636" date_usec="539982" mail="184 white naka medium" user_id="d7f9b2dc-5b6e-4b7f-8c0c-3ee18deda650" anonymity="1" nx_jikkyo="1">仮に復旧しても信用がた落ちだから公式番組とかは撤退するだろうね</chat><chat thread="64" no="428" vpos="5882" date="1718202644" date_usec="815406" mail="184 white naka medium" user_id="bf880002-85f4-480b-b80a-d061b0b0c92c" anonymity="1" nx_jikkyo="1">私にも考えがある</chat><chat thread="64" no="429" vpos="6015" date="1718202646" date_usec="14472" mail="184 white naka medium" user_id="f0328a14-2c3b-44d5-bfc7-684279aa5e34" anonymity="1" nx_jikkyo="1">ぷちぷちｗ</chat><chat thread="64" no="430" vpos="7254" date="1718202658" date_usec="536861" mail="184 white naka medium" user_id="91fc463c-93bb-4293-89c7-fc88a963e0ac" anonymity="1" nx_jikkyo="1">緩衝材だろ</chat><chat thread="64" no="431" vpos="7341" date="1718202659" date_usec="403445" mail="184 white naka medium" user_id="1df87d4b-b90f-46db-9487-9ddc373c5fc6" anonymity="1" nx_jikkyo="1">潰すためにふくらます</chat><chat thread="64" no="432" vpos="7747" date="1718202663" date_usec="466613" mail="184 white naka medium" user_id="1df87d4b-b90f-46db-9487-9ddc373c5fc6" anonymity="1" nx_jikkyo="1">あ</chat><chat thread="64" no="433" vpos="7885" date="1718202664" date_usec="845509" mail="184 white naka medium" user_id="80cc1fb3-5a52-4ce5-be99-eb37979d827a" anonymity="1" nx_jikkyo="1">ああああああああああああ</chat><chat thread="64" no="434" vpos="7970" date="1718202665" date_usec="69875" mail="184 white naka medium" user_id="f0328a14-2c3b-44d5-bfc7-684279aa5e34" anonymity="1" nx_jikkyo="1">ｗｗｗ</chat><chat thread="64" no="435" vpos="8025" date="1718202666" date_usec="248179" mail="184 white naka medium" user_id="acd0a955-dbf0-44d8-925e-c2d1b118b109" anonymity="1" nx_jikkyo="1">ニコニコ以外でアニメは観ないかなー</chat><chat thread="64" no="436" vpos="8085" date="1718202666" date_usec="841456" mail="184 white naka medium" user_id="2a941422-bb44-493d-a3f0-780f41b75b9a" anonymity="1" nx_jikkyo="1">ｗ</chat><chat thread="64" no="437" vpos="8136" date="1718202667" date_usec="352924" mail="184 white naka medium" user_id="1df87d4b-b90f-46db-9487-9ddc373c5fc6" anonymity="1" nx_jikkyo="1">おわたｗ</chat><chat thread="64" no="438" vpos="8192" date="1718202667" date_usec="916671" mail="184 white naka medium" user_id="fb060946-e284-4e3a-9f4b-0db56e08ec71" anonymity="1" nx_jikkyo="1">ｗｗｗ</chat><chat thread="64" no="440" vpos="8335" date="1718202669" date_usec="341681" mail="184 white naka medium" user_id="91fc463c-93bb-4293-89c7-fc88a963e0ac" anonymity="1" nx_jikkyo="1">カット</chat><chat thread="64" no="439" vpos="8372" date="1718202669" date_usec="71506" mail="184 white naka medium" user_id="f0328a14-2c3b-44d5-bfc7-684279aa5e34" anonymity="1" nx_jikkyo="1">OP</chat><chat thread="64" no="441" vpos="8817" date="1718202674" date_usec="164482" mail="184 white naka medium" user_id="2e1b6110-4e59-48c6-abeb-ccd5cd073b12" anonymity="1" nx_jikkyo="1">www</chat><chat thread="64" no="442" vpos="8969" date="1718202675" date_usec="687235" mail="184 white naka medium" user_id="36abe338-01ec-4478-b931-a5b4012c500b" anonymity="1" nx_jikkyo="1">カットｗ</chat><chat thread="64" no="443" vpos="9875" date="1718202684" date_usec="74117" mail="184 white naka medium" user_id="d45a5508-16cc-458d-aebe-9a66cdb4b0eb" anonymity="1" nx_jikkyo="1">あれ自分で作れるのか</chat><chat thread="64" no="444" vpos="10241" date="1718202688" date_usec="40891" mail="184 white naka medium" user_id="acd0a955-dbf0-44d8-925e-c2d1b118b109" anonymity="1" nx_jikkyo="1">被せるかカットか</chat><chat thread="64" no="445" vpos="11769" date="1718202703" date_usec="686604" mail="184 white naka medium" user_id="acd0a955-dbf0-44d8-925e-c2d1b118b109" anonymity="1" nx_jikkyo="1">マッチョ子</chat><chat thread="64" no="446" vpos="12016" date="1718202706" date_usec="157643" mail="184 white naka medium" user_id="fb060946-e284-4e3a-9f4b-0db56e08ec71" anonymity="1" nx_jikkyo="1">実況なかったらＣＭもないサブスクでアニメ見た方がいいってなっちゃうなぁ</chat><chat thread="64" no="447" vpos="14200" date="1718202727" date_usec="994992" mail="184 white naka medium" user_id="f0328a14-2c3b-44d5-bfc7-684279aa5e34" anonymity="1" nx_jikkyo="1">ニコニコなくなったらネギを回すしか</chat><chat thread="64" no="448" vpos="14950" date="1718202735" date_usec="492279" mail="184 white naka medium" user_id="acd0a955-dbf0-44d8-925e-c2d1b118b109" anonymity="1" nx_jikkyo="1">リアタイする意味無くなるからなぁ</chat><chat thread="64" no="449" vpos="16268" date="1718202748" date_usec="672058" mail="184 white naka medium" user_id="80cc1fb3-5a52-4ce5-be99-eb37979d827a" anonymity="1" nx_jikkyo="1">ダクネスがかわいくて違和感しかない３期</chat><chat thread="64" no="450" vpos="17145" date="1718202757" date_usec="443121" mail="184 white naka medium" user_id="36abe338-01ec-4478-b931-a5b4012c500b" anonymity="1" nx_jikkyo="1">実況なくなったら配信でいいかもね</chat><chat thread="64" no="451" vpos="17332" date="1718202759" date_usec="318903" mail="184 white naka medium" user_id="fb060946-e284-4e3a-9f4b-0db56e08ec71" anonymity="1" nx_jikkyo="1">ｗｗｗ</chat><chat thread="64" no="452" vpos="18794" date="1718202773" date_usec="939981" mail="184 white naka medium" user_id="7bfe6299-5720-40a9-aeae-7a586ddaa758" anonymity="1" nx_jikkyo="1">コチマ</chat><chat thread="64" no="453" vpos="19385" date="1718202779" date_usec="848273" mail="184 white naka medium" user_id="80cc1fb3-5a52-4ce5-be99-eb37979d827a" anonymity="1" nx_jikkyo="1">こまち</chat><chat thread="64" no="454" vpos="19920" date="1718202785" date_usec="192699" mail="184 white naka medium" user_id="c3b24ccb-e42c-4e28-a688-8d48710dfb8b" anonymity="1" nx_jikkyo="1">避難所作ってくれるとは…これ作ってくれた方に感謝🙏😭</chat><chat thread="64" no="455" vpos="20042" date="1718202786" date_usec="413171" mail="184 white naka medium" user_id="f0328a14-2c3b-44d5-bfc7-684279aa5e34" anonymity="1" nx_jikkyo="1">EDすこ</chat><chat thread="64" no="456" vpos="20120" date="1718202787" date_usec="190737" mail="184 white naka medium" user_id="2e1b6110-4e59-48c6-abeb-ccd5cd073b12" anonymity="1" nx_jikkyo="1">安いよ！</chat><chat thread="64" no="457" vpos="20332" date="1718202789" date_usec="315591" mail="184 white naka medium" user_id="36abe338-01ec-4478-b931-a5b4012c500b" anonymity="1" nx_jikkyo="1">顔ｗ</chat><chat thread="64" no="458" vpos="20895" date="1718202794" date_usec="944186" mail="184 white naka medium" user_id="5db63c9e-cd96-4220-addc-299994f4db9e" anonymity="1" nx_jikkyo="1">わるふざけー</chat><chat thread="64" no="459" vpos="21275" date="1718202798" date_usec="748203" mail="184 white naka medium" user_id="ec25090b-1fe6-4e24-943b-806e0a4b23ac" anonymity="1" nx_jikkyo="1">あにメはアベマでみるかもな</chat><chat thread="64" no="460" vpos="21330" date="1718202799" date_usec="297852" mail="184 white naka medium" user_id="80cc1fb3-5a52-4ce5-be99-eb37979d827a" anonymity="1" nx_jikkyo="1">お</chat><chat thread="64" no="461" vpos="21367" date="1718202799" date_usec="662386" mail="184 white naka medium" user_id="2a941422-bb44-493d-a3f0-780f41b75b9a" anonymity="1" nx_jikkyo="1">感謝しかない</chat><chat thread="64" no="462" vpos="21378" date="1718202799" date_usec="773014" mail="184 white naka medium" user_id="acd0a955-dbf0-44d8-925e-c2d1b118b109" anonymity="1" nx_jikkyo="1">アルダープの末路は原作通りやってくれるかなぁ</chat><chat thread="64" no="463" vpos="21751" date="1718202803" date_usec="50501" mail="184 white naka medium" user_id="36abe338-01ec-4478-b931-a5b4012c500b" anonymity="1" nx_jikkyo="1">お？</chat><chat thread="64" no="464" vpos="22438" date="1718202810" date_usec="376609" mail="184 white naka medium" user_id="6fa03d4b-e578-4bae-b8db-ef1154edc25d" anonymity="1" nx_jikkyo="1">９０分</chat><chat thread="64" no="465" vpos="22832" date="1718202814" date_usec="312349" mail="184 white naka medium" user_id="36abe338-01ec-4478-b931-a5b4012c500b" anonymity="1" nx_jikkyo="1">リゼロ３期の映像来たのか</chat><chat thread="64" no="466" vpos="22979" date="1718202815" date_usec="781358" mail="184 white naka medium" user_id="6dcc34a7-1b48-40e3-a9f8-ccc66b68744d" anonymity="1" nx_jikkyo="1">上位作品以外コメントなしで配信みるのなかなかつらい(´・ω・｀)</chat><chat thread="64" no="467" vpos="23212" date="1718202818" date_usec="118886" mail="184 white naka medium" user_id="acd0a955-dbf0-44d8-925e-c2d1b118b109" anonymity="1" nx_jikkyo="1">アベマはコメント流してくれよいい加減</chat><chat thread="64" no="468" vpos="23517" date="1718202821" date_usec="165668" mail="184 white naka medium" user_id="fb060946-e284-4e3a-9f4b-0db56e08ec71" anonymity="1" nx_jikkyo="1">ぶっちゃけ実況ないほうが夜更かししないでいいから健康にいいというね</chat><chat thread="64" no="469" vpos="25193" date="1718202837" date_usec="921643" mail="184 white naka medium" user_id="f0328a14-2c3b-44d5-bfc7-684279aa5e34" anonymity="1" nx_jikkyo="1">アベマは若い人も見てるからなぁ</chat><chat thread="64" no="470" vpos="25194" date="1718202837" date_usec="938939" mail="184 white naka medium" user_id="acd0a955-dbf0-44d8-925e-c2d1b118b109" anonymity="1" nx_jikkyo="1">セバスチャンかな</chat><chat thread="64" no="471" vpos="25822" date="1718202844" date_usec="210891" mail="184 white naka medium" user_id="bf880002-85f4-480b-b80a-d061b0b0c92c" anonymity="1" nx_jikkyo="1">！？</chat><chat thread="64" no="472" vpos="27273" date="1718202858" date_usec="722696" mail="184 white naka medium" user_id="36abe338-01ec-4478-b931-a5b4012c500b" anonymity="1" nx_jikkyo="1">アカン</chat><chat thread="64" no="473" vpos="27651" date="1718202862" date_usec="504431" mail="184 white naka medium" user_id="80cc1fb3-5a52-4ce5-be99-eb37979d827a" anonymity="1" nx_jikkyo="1">草</chat><chat thread="64" no="474" vpos="27833" date="1718202864" date_usec="32552" mail="184 white naka medium" user_id="f0328a14-2c3b-44d5-bfc7-684279aa5e34" anonymity="1" nx_jikkyo="1">あかん</chat><chat thread="64" no="475" vpos="29139" date="1718202877" date_usec="387723" mail="184 white naka medium" user_id="fb060946-e284-4e3a-9f4b-0db56e08ec71" anonymity="1" nx_jikkyo="1">ただの犯行予告</chat><chat thread="64" no="476" vpos="29217" date="1718202878" date_usec="165970" mail="184 white naka medium" user_id="2e1b6110-4e59-48c6-abeb-ccd5cd073b12" anonymity="1" nx_jikkyo="1">ｗ</chat><chat thread="64" no="477" vpos="29629" date="1718202882" date_usec="287447" mail="184 white naka medium" user_id="acd0a955-dbf0-44d8-925e-c2d1b118b109" anonymity="1" nx_jikkyo="1">過去何度かアベマDLしたことあるけどそのたびに合わないなぁと思って消しちゃう</chat><chat thread="64" no="478" vpos="30637" date="1718202892" date_usec="36429" mail="184 white naka medium" user_id="80cc1fb3-5a52-4ce5-be99-eb37979d827a" anonymity="1" nx_jikkyo="1">草</chat><chat thread="64" no="479" vpos="30651" date="1718202892" date_usec="500041" mail="184 white naka medium" user_id="fb060946-e284-4e3a-9f4b-0db56e08ec71" anonymity="1" nx_jikkyo="1">あし</chat><chat thread="64" no="480" vpos="31121" date="1718202897" date_usec="202368" mail="184 white naka medium" user_id="2687d400-5a9f-4064-8661-d3b6050e8cca" anonymity="1" nx_jikkyo="1">みえ</chat><chat thread="64" no="481" vpos="31257" date="1718202898" date_usec="568671" mail="184 white naka medium" user_id="1df87d4b-b90f-46db-9487-9ddc373c5fc6" anonymity="1" nx_jikkyo="1">げいｗ</chat><chat thread="64" no="482" vpos="31536" date="1718202901" date_usec="356498" mail="184 white naka medium" user_id="bf880002-85f4-480b-b80a-d061b0b0c92c" anonymity="1" nx_jikkyo="1">宴会芸</chat><chat thread="64" no="483" vpos="31855" date="1718202904" date_usec="548577" mail="184 white naka medium" user_id="36abe338-01ec-4478-b931-a5b4012c500b" anonymity="1" nx_jikkyo="1">芸人かな</chat><chat thread="64" no="484" vpos="32370" date="1718202909" date_usec="69781" mail="184 white naka medium" user_id="fb060946-e284-4e3a-9f4b-0db56e08ec71" anonymity="1" nx_jikkyo="1">ぼろん</chat><chat thread="64" no="485" vpos="32731" date="1718202913" date_usec="305674" mail="184 white naka medium" user_id="1df87d4b-b90f-46db-9487-9ddc373c5fc6" anonymity="1" nx_jikkyo="1">え？</chat><chat thread="64" no="486" vpos="32967" date="1718202915" date_usec="667025" mail="184 white naka medium" user_id="bf880002-85f4-480b-b80a-d061b0b0c92c" anonymity="1" nx_jikkyo="1">芸人</chat><chat thread="64" no="487" vpos="33039" date="1718202916" date_usec="38815" mail="184 white naka medium" user_id="80cc1fb3-5a52-4ce5-be99-eb37979d827a" anonymity="1" nx_jikkyo="1">芸人だろ</chat><chat thread="64" no="488" vpos="33130" date="1718202917" date_usec="299129" mail="184 white naka medium" user_id="acd0a955-dbf0-44d8-925e-c2d1b118b109" anonymity="1" nx_jikkyo="1">爆焔でようやく映像化された初心者殺し</chat><chat thread="64" no="489" vpos="33474" date="1718202920" date_usec="730474" mail="184 white naka medium" user_id="f0328a14-2c3b-44d5-bfc7-684279aa5e34" anonymity="1" nx_jikkyo="1">芸人やな</chat><chat thread="64" no="490" vpos="34382" date="1718202929" date_usec="815834" mail="184 white naka medium" user_id="fb060946-e284-4e3a-9f4b-0db56e08ec71" anonymity="1" nx_jikkyo="1">お尻</chat><chat thread="64" no="491" vpos="34447" date="1718202930" date_usec="462565" mail="184 white naka medium" user_id="0d08d699-23da-49ec-8f82-9bbe2ee225a7" anonymity="1" nx_jikkyo="1">日本の神話を知る女神</chat><chat thread="64" no="492" vpos="34727" date="1718202933" date_usec="269824" mail="184 white naka medium" user_id="80cc1fb3-5a52-4ce5-be99-eb37979d827a" anonymity="1" nx_jikkyo="1">草</chat><chat thread="64" no="493" vpos="34873" date="1718202934" date_usec="72278" mail="184 white naka medium" user_id="5db63c9e-cd96-4220-addc-299994f4db9e" anonymity="1" nx_jikkyo="1">はいてない</chat><chat thread="64" no="494" vpos="34978" date="1718202935" date_usec="778167" mail="184 white naka medium" user_id="fe71d9c7-206d-48f0-85a7-db85a9a66100" anonymity="1" nx_jikkyo="1">なんでだよ銭ゲバなのに</chat><chat thread="64" no="495" vpos="35054" date="1718202936" date_usec="538068" mail="184 white naka medium" user_id="3f32fc9c-6335-46ab-8191-fa9c20aa116d" anonymity="1" nx_jikkyo="1">実況たすかる</chat><chat thread="64" no="496" vpos="35130" date="1718202937" date_usec="293698" mail="184 white naka medium" user_id="acd0a955-dbf0-44d8-925e-c2d1b118b109" anonymity="1" nx_jikkyo="1">まったく！カズマはまったく！</chat><chat thread="64" no="497" vpos="35238" date="1718202938" date_usec="371752" mail="184 white naka medium" user_id="1df87d4b-b90f-46db-9487-9ddc373c5fc6" anonymity="1" nx_jikkyo="1">はいてるの？</chat><chat thread="64" no="498" vpos="35593" date="1718202941" date_usec="92021" mail="184 white naka medium" user_id="f0328a14-2c3b-44d5-bfc7-684279aa5e34" anonymity="1" nx_jikkyo="1">ｗｗｗ</chat><chat thread="64" no="499" vpos="35654" date="1718202942" date_usec="530420" mail="184 white naka medium" user_id="80cc1fb3-5a52-4ce5-be99-eb37979d827a" anonymity="1" nx_jikkyo="1">かわいい</chat><chat thread="64" no="500" vpos="35660" date="1718202942" date_usec="593044" mail="184 white naka medium" user_id="2a941422-bb44-493d-a3f0-780f41b75b9a" anonymity="1" nx_jikkyo="1">＞＜</chat><chat thread="64" no="501" vpos="35886" date="1718202944" date_usec="854446" mail="184 white naka medium" user_id="bf880002-85f4-480b-b80a-d061b0b0c92c" anonymity="1" nx_jikkyo="1">＞＜</chat><chat thread="64" no="502" vpos="36891" date="1718202954" date_usec="908272" mail="184 white naka medium" user_id="acd0a955-dbf0-44d8-925e-c2d1b118b109" anonymity="1" nx_jikkyo="1">親父大丈夫か</chat><chat thread="64" no="503" vpos="38200" date="1718202967" date_usec="998506" mail="184 white naka medium" user_id="36abe338-01ec-4478-b931-a5b4012c500b" anonymity="1" nx_jikkyo="1">自力で帰ってきた</chat><chat thread="64" no="504" vpos="40163" date="1718202987" date_usec="629998" mail="184 white naka medium" user_id="80cc1fb3-5a52-4ce5-be99-eb37979d827a" anonymity="1" nx_jikkyo="1">草</chat><chat thread="64" no="505" vpos="40239" date="1718202988" date_usec="381006" mail="184 white naka medium" user_id="bf880002-85f4-480b-b80a-d061b0b0c92c" anonymity="1" nx_jikkyo="1">くずま</chat><chat thread="64" no="506" vpos="40426" date="1718202990" date_usec="253278" mail="184 white naka medium" user_id="2e1b6110-4e59-48c6-abeb-ccd5cd073b12" anonymity="1" nx_jikkyo="1">ｗｗ</chat><chat thread="64" no="507" vpos="40469" date="1718202990" date_usec="688237" mail="184 white naka medium" user_id="f0328a14-2c3b-44d5-bfc7-684279aa5e34" anonymity="1" nx_jikkyo="1">ゲスマｗ</chat><chat thread="64" no="508" vpos="40681" date="1718202992" date_usec="803181" mail="184 white naka medium" user_id="6dcc34a7-1b48-40e3-a9f8-ccc66b68744d" anonymity="1" nx_jikkyo="1">公式でクズマｗ(´・ω・｀)</chat><chat thread="64" no="509" vpos="40762" date="1718202993" date_usec="618123" mail="184 white naka medium" user_id="91fc463c-93bb-4293-89c7-fc88a963e0ac" anonymity="1" nx_jikkyo="1">おい</chat><chat thread="64" no="510" vpos="40893" date="1718202994" date_usec="92890" mail="184 white naka medium" user_id="5db63c9e-cd96-4220-addc-299994f4db9e" anonymity="1" nx_jikkyo="1">げすま</chat><chat thread="64" no="511" vpos="40929" date="1718202995" date_usec="284321" mail="184 white naka medium" user_id="36abe338-01ec-4478-b931-a5b4012c500b" anonymity="1" nx_jikkyo="1">ゲスマｗ</chat><chat thread="64" no="512" vpos="41424" date="1718203000" date_usec="23472" mail="184 white naka medium" user_id="bf880002-85f4-480b-b80a-d061b0b0c92c" anonymity="1" nx_jikkyo="1">ぎりり</chat><chat thread="64" no="513" vpos="41532" date="1718203001" date_usec="315063" mail="184 white naka medium" user_id="80cc1fb3-5a52-4ce5-be99-eb37979d827a" anonymity="1" nx_jikkyo="1">おこじゃん</chat><chat thread="64" no="514" vpos="41751" date="1718203003" date_usec="505465" mail="184 white naka medium" user_id="acd0a955-dbf0-44d8-925e-c2d1b118b109" anonymity="1" nx_jikkyo="1">おや</chat><chat thread="64" no="515" vpos="42072" date="1718203006" date_usec="710803" mail="184 white naka medium" user_id="36abe338-01ec-4478-b931-a5b4012c500b" anonymity="1" nx_jikkyo="1">ヒロインかな</chat><chat thread="64" no="516" vpos="42093" date="1718203006" date_usec="922540" mail="184 white naka medium" user_id="3f32fc9c-6335-46ab-8191-fa9c20aa116d" anonymity="1" nx_jikkyo="1">お</chat><chat thread="64" no="517" vpos="42147" date="1718203007" date_usec="465349" mail="184 white naka medium" user_id="fb060946-e284-4e3a-9f4b-0db56e08ec71" anonymity="1" nx_jikkyo="1">あらあら</chat><chat thread="64" no="518" vpos="42219" date="1718203008" date_usec="181701" mail="184 white naka medium" user_id="fe71d9c7-206d-48f0-85a7-db85a9a66100" anonymity="1" nx_jikkyo="1">くっ</chat><chat thread="64" no="519" vpos="42275" date="1718203008" date_usec="747647" mail="184 white naka medium" user_id="d45a5508-16cc-458d-aebe-9a66cdb4b0eb" anonymity="1" nx_jikkyo="1">ラ波感</chat><chat thread="64" no="520" vpos="42315" date="1718203009" date_usec="141437" mail="184 white naka medium" user_id="f0328a14-2c3b-44d5-bfc7-684279aa5e34" anonymity="1" nx_jikkyo="1">公式クズマは草</chat><chat thread="64" no="521" vpos="42342" date="1718203009" date_usec="416093" mail="184 white naka medium" user_id="80cc1fb3-5a52-4ce5-be99-eb37979d827a" anonymity="1" nx_jikkyo="1">おや</chat><chat thread="64" no="522" vpos="42413" date="1718203010" date_usec="120477" mail="184 white naka medium" user_id="1df87d4b-b90f-46db-9487-9ddc373c5fc6" anonymity="1" nx_jikkyo="1">ラブコメ・・・？</chat><chat thread="64" no="523" vpos="42663" date="1718203012" date_usec="625507" mail="184 white naka medium" user_id="91fc463c-93bb-4293-89c7-fc88a963e0ac" anonymity="1" nx_jikkyo="1">でれ</chat><chat thread="64" no="524" vpos="43372" date="1718203019" date_usec="71803" mail="184 white naka medium" user_id="1df87d4b-b90f-46db-9487-9ddc373c5fc6" anonymity="1" nx_jikkyo="1">ちっ</chat><chat thread="64" no="525" vpos="44032" date="1718203026" date_usec="319222" mail="184 white naka medium" user_id="f0328a14-2c3b-44d5-bfc7-684279aa5e34" anonymity="1" nx_jikkyo="1">(・д・)ﾁｯ</chat><chat thread="64" no="526" vpos="44252" date="1718203028" date_usec="513324" mail="184 white naka medium" user_id="bf880002-85f4-480b-b80a-d061b0b0c92c" anonymity="1" nx_jikkyo="1">チッ</chat><chat thread="64" no="527" vpos="44291" date="1718203028" date_usec="908951" mail="184 white naka medium" user_id="5db63c9e-cd96-4220-addc-299994f4db9e" anonymity="1" nx_jikkyo="1">ちッ</chat><chat thread="64" no="528" vpos="44358" date="1718203029" date_usec="571331" mail="184 white naka medium" user_id="1df87d4b-b90f-46db-9487-9ddc373c5fc6" anonymity="1" nx_jikkyo="1">まじでｗｗ</chat><chat thread="64" no="529" vpos="45388" date="1718203039" date_usec="87923" mail="184 white naka medium" user_id="80cc1fb3-5a52-4ce5-be99-eb37979d827a" anonymity="1" nx_jikkyo="1">ｗｗｗ</chat><chat thread="64" no="530" vpos="45824" date="1718203044" date_usec="230635" mail="184 white naka medium" user_id="bf880002-85f4-480b-b80a-d061b0b0c92c" anonymity="1" nx_jikkyo="1">ぷちぷち</chat><chat thread="64" no="531" vpos="46461" date="1718203050" date_usec="603203" mail="184 white naka medium" user_id="fb060946-e284-4e3a-9f4b-0db56e08ec71" anonymity="1" nx_jikkyo="1">うっかり</chat><chat thread="64" no="532" vpos="46921" date="1718203055" date_usec="201054" mail="184 white naka medium" user_id="91fc463c-93bb-4293-89c7-fc88a963e0ac" anonymity="1" nx_jikkyo="1">しにんがでるわ</chat><chat thread="64" no="533" vpos="47871" date="1718203064" date_usec="705195" mail="184 white naka medium" user_id="acd0a955-dbf0-44d8-925e-c2d1b118b109" anonymity="1" nx_jikkyo="1">犯罪者だよカズマさん</chat><chat thread="64" no="534" vpos="48968" date="1718203075" date_usec="679811" mail="184 white naka medium" user_id="36abe338-01ec-4478-b931-a5b4012c500b" anonymity="1" nx_jikkyo="1">ぐへへ</chat><chat thread="64" no="535" vpos="49098" date="1718203076" date_usec="973380" mail="184 white naka medium" user_id="1df87d4b-b90f-46db-9487-9ddc373c5fc6" anonymity="1" nx_jikkyo="1">お？</chat><chat thread="64" no="536" vpos="49255" date="1718203078" date_usec="54332" mail="184 white naka medium" user_id="80cc1fb3-5a52-4ce5-be99-eb37979d827a" anonymity="1" nx_jikkyo="1">おこ</chat><chat thread="64" no="537" vpos="49562" date="1718203081" date_usec="616674" mail="184 white naka medium" user_id="f0328a14-2c3b-44d5-bfc7-684279aa5e34" anonymity="1" nx_jikkyo="1">お？</chat><chat thread="64" no="538" vpos="50013" date="1718203086" date_usec="121236" mail="184 white naka medium" user_id="2a941422-bb44-493d-a3f0-780f41b75b9a" anonymity="1" nx_jikkyo="1">シリアスかずまさん</chat><chat thread="64" no="539" vpos="50914" date="1718203095" date_usec="130633" mail="184 white naka medium" user_id="bf880002-85f4-480b-b80a-d061b0b0c92c" anonymity="1" nx_jikkyo="1">ぽい</chat><chat thread="64" no="540" vpos="51065" date="1718203096" date_usec="645071" mail="184 white naka medium" user_id="6dcc34a7-1b48-40e3-a9f8-ccc66b68744d" anonymity="1" nx_jikkyo="1">なら先週抱いてやれよ(´・ω・｀)</chat><chat thread="64" no="541" vpos="51147" date="1718203097" date_usec="469943" mail="184 white naka medium" user_id="91fc463c-93bb-4293-89c7-fc88a963e0ac" anonymity="1" nx_jikkyo="1">ぽい</chat><chat thread="64" no="542" vpos="52951" date="1718203115" date_usec="508188" mail="184 white naka medium" user_id="f0328a14-2c3b-44d5-bfc7-684279aa5e34" anonymity="1" nx_jikkyo="1">ろくでもないｗ</chat><chat thread="64" no="543" vpos="52952" date="1718203115" date_usec="519779" mail="184 white naka medium" user_id="fb060946-e284-4e3a-9f4b-0db56e08ec71" anonymity="1" nx_jikkyo="1">ろくでもない</chat><chat thread="64" no="544" vpos="53138" date="1718203117" date_usec="378985" mail="184 white naka medium" user_id="36abe338-01ec-4478-b931-a5b4012c500b" anonymity="1" nx_jikkyo="1">シリアス回か</chat><chat thread="64" no="545" vpos="53874" date="1718203124" date_usec="739818" mail="184 white naka medium" user_id="bd9a1102-de39-4189-9fb7-3a8913b962be" anonymity="1" nx_jikkyo="1">シリアス演技できたのか</chat><chat thread="64" no="546" vpos="54689" date="1718203132" date_usec="884164" mail="184 white naka medium" user_id="80cc1fb3-5a52-4ce5-be99-eb37979d827a" anonymity="1" nx_jikkyo="1">ヒロインのダクネス</chat><chat thread="64" no="547" vpos="55585" date="1718203141" date_usec="84846" mail="184 white naka medium" user_id="80cc1fb3-5a52-4ce5-be99-eb37979d827a" anonymity="1" nx_jikkyo="1">あ</chat><chat thread="64" no="548" vpos="57667" date="1718203162" date_usec="666147" mail="184 white naka medium" user_id="91fc463c-93bb-4293-89c7-fc88a963e0ac" anonymity="1" nx_jikkyo="1">ゆれすぎ</chat><chat thread="64" no="549" vpos="58126" date="1718203167" date_usec="257577" mail="184 white naka medium" user_id="80cc1fb3-5a52-4ce5-be99-eb37979d827a" anonymity="1" nx_jikkyo="1">重病・・治せますよね？</chat><chat thread="64" no="550" vpos="58156" date="1718203167" date_usec="553972" mail="184 white naka medium" user_id="fb060946-e284-4e3a-9f4b-0db56e08ec71" anonymity="1" nx_jikkyo="1">たしかに</chat><chat thread="64" no="551" vpos="58916" date="1718203175" date_usec="156501" mail="184 white naka medium" user_id="fe71d9c7-206d-48f0-85a7-db85a9a66100" anonymity="1" nx_jikkyo="1">それはそう</chat><chat thread="64" no="552" vpos="60593" date="1718203191" date_usec="925038" mail="184 white naka medium" user_id="80cc1fb3-5a52-4ce5-be99-eb37979d827a" anonymity="1" nx_jikkyo="1">真面目めぐみん</chat><chat thread="64" no="553" vpos="61082" date="1718203196" date_usec="817514" mail="184 white naka medium" user_id="1df87d4b-b90f-46db-9487-9ddc373c5fc6" anonymity="1" nx_jikkyo="1">シリアスなのか・・・？</chat><chat thread="64" no="554" vpos="61866" date="1718203204" date_usec="652529" mail="184 white naka medium" user_id="bf880002-85f4-480b-b80a-d061b0b0c92c" anonymity="1" nx_jikkyo="1">じゃあの</chat><chat thread="64" no="555" vpos="62178" date="1718203207" date_usec="772789" mail="184 white naka medium" user_id="f0328a14-2c3b-44d5-bfc7-684279aa5e34" anonymity="1" nx_jikkyo="1">不意打ちギャグが</chat><chat thread="64" no="556" vpos="62443" date="1718203210" date_usec="42654" mail="184 white naka medium" user_id="80cc1fb3-5a52-4ce5-be99-eb37979d827a" anonymity="1" nx_jikkyo="1">草</chat><chat thread="64" no="557" vpos="62663" date="1718203212" date_usec="620249" mail="184 white naka medium" user_id="f0328a14-2c3b-44d5-bfc7-684279aa5e34" anonymity="1" nx_jikkyo="1">！？</chat><chat thread="64" no="558" vpos="63050" date="1718203216" date_usec="495276" mail="184 white naka medium" user_id="80cc1fb3-5a52-4ce5-be99-eb37979d827a" anonymity="1" nx_jikkyo="1">余韻ブレイカー</chat><chat thread="64" no="559" vpos="63117" date="1718203217" date_usec="16264" mail="184 white naka medium" user_id="6dcc34a7-1b48-40e3-a9f8-ccc66b68744d" anonymity="1" nx_jikkyo="1">シリアスブレイカー(´・ω・｀)</chat><chat thread="64" no="560" vpos="64862" date="1718203234" date_usec="610179" mail="184 white naka medium" user_id="91fc463c-93bb-4293-89c7-fc88a963e0ac" anonymity="1" nx_jikkyo="1">チェンジ</chat><chat thread="64" no="561" vpos="64984" date="1718203235" date_usec="833419" mail="184 white naka medium" user_id="80cc1fb3-5a52-4ce5-be99-eb37979d827a" anonymity="1" nx_jikkyo="1">ｗｗ</chat><chat thread="64" no="562" vpos="65589" date="1718203241" date_usec="884716" mail="184 white naka medium" user_id="fb060946-e284-4e3a-9f4b-0db56e08ec71" anonymity="1" nx_jikkyo="1">負債生成装置ｗ</chat><chat thread="64" no="563" vpos="65736" date="1718203243" date_usec="358485" mail="184 white naka medium" user_id="bf880002-85f4-480b-b80a-d061b0b0c92c" anonymity="1" nx_jikkyo="1">動き</chat><chat thread="64" no="564" vpos="66492" date="1718203250" date_usec="910476" mail="184 white naka medium" user_id="3f32fc9c-6335-46ab-8191-fa9c20aa116d" anonymity="1" nx_jikkyo="1">え</chat><chat thread="64" no="565" vpos="66625" date="1718203252" date_usec="242506" mail="184 white naka medium" user_id="80cc1fb3-5a52-4ce5-be99-eb37979d827a" anonymity="1" nx_jikkyo="1">最悪だｗ</chat><chat thread="64" no="566" vpos="66720" date="1718203253" date_usec="191924" mail="184 white naka medium" user_id="91fc463c-93bb-4293-89c7-fc88a963e0ac" anonymity="1" nx_jikkyo="1">え</chat><chat thread="64" no="567" vpos="67143" date="1718203257" date_usec="426966" mail="184 white naka medium" user_id="91fc463c-93bb-4293-89c7-fc88a963e0ac" anonymity="1" nx_jikkyo="1">えっど</chat><chat thread="64" no="568" vpos="67272" date="1718203258" date_usec="714581" mail="184 white naka medium" user_id="fb060946-e284-4e3a-9f4b-0db56e08ec71" anonymity="1" nx_jikkyo="1">ゆっさ</chat><chat thread="64" no="569" vpos="67315" date="1718203259" date_usec="147732" mail="184 white naka medium" user_id="f0328a14-2c3b-44d5-bfc7-684279aa5e34" anonymity="1" nx_jikkyo="1">それやばいやつ</chat><chat thread="64" no="570" vpos="67316" date="1718203259" date_usec="156332" mail="184 white naka medium" user_id="acd0a955-dbf0-44d8-925e-c2d1b118b109" anonymity="1" nx_jikkyo="1">メガンテやんけ</chat><chat thread="64" no="571" vpos="67659" date="1718203262" date_usec="589853" mail="184 white naka medium" user_id="e8352246-ae91-468a-af73-846d1122a83a" anonymity="1" nx_jikkyo="1">ほああああああああああああああああ</chat><chat thread="64" no="572" vpos="67899" date="1718203264" date_usec="989573" mail="184 white naka medium" user_id="36abe338-01ec-4478-b931-a5b4012c500b" anonymity="1" nx_jikkyo="1">でっかｗ</chat><chat thread="64" no="573" vpos="68351" date="1718203269" date_usec="503654" mail="184 white naka medium" user_id="5ca456fc-d90e-4b7a-af9c-2fc504bb3d2f" anonymity="1" nx_jikkyo="1">姫様って言う最高のコネあるのになぜ使わないのか</chat><chat thread="64" no="574" vpos="68467" date="1718203270" date_usec="669217" mail="184 white naka medium" user_id="2a941422-bb44-493d-a3f0-780f41b75b9a" anonymity="1" nx_jikkyo="1">ｗ</chat><chat thread="64" no="575" vpos="68556" date="1718203271" date_usec="558607" mail="184 white naka medium" user_id="91fc463c-93bb-4293-89c7-fc88a963e0ac" anonymity="1" nx_jikkyo="1">そらそうだ</chat><chat thread="64" no="576" vpos="68558" date="1718203271" date_usec="572361" mail="184 white naka medium" user_id="80cc1fb3-5a52-4ce5-be99-eb37979d827a" anonymity="1" nx_jikkyo="1">ｗｗ</chat><chat thread="64" no="577" vpos="68646" date="1718203272" date_usec="450095" mail="184 white naka medium" user_id="36abe338-01ec-4478-b931-a5b4012c500b" anonymity="1" nx_jikkyo="1">ほあでか</chat><chat thread="64" no="578" vpos="68732" date="1718203273" date_usec="310858" mail="184 white naka medium" user_id="97d7657c-533a-4f4b-9ba0-6ffb6f857264" anonymity="1" nx_jikkyo="1">ｗ</chat><chat thread="64" no="579" vpos="69097" date="1718203276" date_usec="964936" mail="184 white naka medium" user_id="1df87d4b-b90f-46db-9487-9ddc373c5fc6" anonymity="1" nx_jikkyo="1">爆発オチのための・・・</chat><chat thread="64" no="580" vpos="69281" date="1718203278" date_usec="806277" mail="184 white naka medium" user_id="fc09eda9-42d2-4084-9ec9-a545cabb1c87" anonymity="1" nx_jikkyo="1">疑いたくなる一品</chat><chat thread="64" no="581" vpos="69622" date="1718203282" date_usec="21178" mail="184 white naka medium" user_id="fe71d9c7-206d-48f0-85a7-db85a9a66100" anonymity="1" nx_jikkyo="1">欠陥すぎる</chat><chat thread="64" no="582" vpos="70951" date="1718203295" date_usec="504945" mail="184 white naka medium" user_id="f0328a14-2c3b-44d5-bfc7-684279aa5e34" anonymity="1" nx_jikkyo="1">ふぁっ！？</chat><chat thread="64" no="583" vpos="71043" date="1718203296" date_usec="426264" mail="184 white naka medium" user_id="3f32fc9c-6335-46ab-8191-fa9c20aa116d" anonymity="1" nx_jikkyo="1">ダイソーに売ってそう</chat><chat thread="64" no="584" vpos="71528" date="1718203301" date_usec="276397" mail="184 white naka medium" user_id="91fc463c-93bb-4293-89c7-fc88a963e0ac" anonymity="1" nx_jikkyo="1">目</chat><chat thread="64" no="585" vpos="72241" date="1718203308" date_usec="401731" mail="184 white naka medium" user_id="80cc1fb3-5a52-4ce5-be99-eb37979d827a" anonymity="1" nx_jikkyo="1">ｗｗ</chat><chat thread="64" no="586" vpos="72961" date="1718203315" date_usec="605621" mail="184 white naka medium" user_id="91fc463c-93bb-4293-89c7-fc88a963e0ac" anonymity="1" nx_jikkyo="1">ｍ９</chat><chat thread="64" no="587" vpos="74338" date="1718203329" date_usec="372379" mail="184 white naka medium" user_id="d45a5508-16cc-458d-aebe-9a66cdb4b0eb" anonymity="1" nx_jikkyo="1">カネで解決？</chat><chat thread="64" no="588" vpos="74370" date="1718203329" date_usec="690612" mail="184 white naka medium" user_id="36abe338-01ec-4478-b931-a5b4012c500b" anonymity="1" nx_jikkyo="1">わるふざけー</chat><chat thread="64" no="589" vpos="74559" date="1718203331" date_usec="585103" mail="184 white naka medium" user_id="fb060946-e284-4e3a-9f4b-0db56e08ec71" anonymity="1" nx_jikkyo="1">金の力で解決するんだ</chat><chat thread="64" no="590" vpos="74934" date="1718203335" date_usec="333719" mail="184 white naka medium" user_id="80cc1fb3-5a52-4ce5-be99-eb37979d827a" anonymity="1" nx_jikkyo="1">どんだけカズマ欲しいんだよｗ</chat><chat thread="64" no="591" vpos="76516" date="1718203351" date_usec="152889" mail="184 white naka medium" user_id="2a941422-bb44-493d-a3f0-780f41b75b9a" anonymity="1" nx_jikkyo="1">もともとダクネス家の借金なわけですし</chat><chat thread="64" no="592" vpos="76912" date="1718203355" date_usec="115822" mail="184 white naka medium" user_id="5ca456fc-d90e-4b7a-af9c-2fc504bb3d2f" anonymity="1" nx_jikkyo="1">要は現代の便利グッズ知識が欲しい</chat><chat thread="64" no="593" vpos="79352" date="1718203379" date_usec="516653" mail="184 white naka medium" user_id="acd0a955-dbf0-44d8-925e-c2d1b118b109" anonymity="1" nx_jikkyo="1">その借金はアルダープのせいなんだよな確か</chat><chat thread="64" no="594" vpos="79677" date="1718203382" date_usec="764820" mail="184 white naka medium" user_id="fb060946-e284-4e3a-9f4b-0db56e08ec71" anonymity="1" nx_jikkyo="1">Ｂ</chat><chat thread="64" no="595" vpos="79790" date="1718203383" date_usec="896562" mail="184 white naka medium" user_id="a09cce35-c927-4b3c-bcfe-68b23d262bbb" anonymity="1" nx_jikkyo="1">城之内死す！</chat><chat thread="64" no="596" vpos="79828" date="1718203384" date_usec="273175" mail="184 white naka medium" user_id="80cc1fb3-5a52-4ce5-be99-eb37979d827a" anonymity="1" nx_jikkyo="1">売ったｗｗ</chat><chat thread="64" no="597" vpos="81859" date="1718203404" date_usec="583395" mail="184 white naka medium" user_id="b30409ac-98d2-40c9-85f5-feb76bec054d" anonymity="1" nx_jikkyo="1">なぜ</chat><chat thread="64" no="598" vpos="82143" date="1718203407" date_usec="423656" mail="184 white naka medium" user_id="3f32fc9c-6335-46ab-8191-fa9c20aa116d" anonymity="1" nx_jikkyo="1">もしかしてバニルってつええのでは</chat><chat thread="64" no="599" vpos="85644" date="1718203442" date_usec="436250" mail="184 white naka medium" user_id="5ca456fc-d90e-4b7a-af9c-2fc504bb3d2f" anonymity="1" nx_jikkyo="1">かなり強いよ一応</chat><chat thread="64" no="600" vpos="86256" date="1718203448" date_usec="550915" mail="184 white naka medium" user_id="80cc1fb3-5a52-4ce5-be99-eb37979d827a" anonymity="1" nx_jikkyo="1">あ</chat><chat thread="64" no="601" vpos="86749" date="1718203453" date_usec="484884" mail="184 white naka medium" user_id="9cea8ff3-10f3-4022-afa7-e93a9bdf7855" anonymity="1" nx_jikkyo="1">ｽﾅｧ</chat><chat thread="64" no="602" vpos="86794" date="1718203453" date_usec="939285" mail="184 white naka medium" user_id="91fc463c-93bb-4293-89c7-fc88a963e0ac" anonymity="1" nx_jikkyo="1">おい</chat><chat thread="64" no="603" vpos="87067" date="1718203456" date_usec="66819" mail="184 white naka medium" user_id="b30409ac-98d2-40c9-85f5-feb76bec054d" anonymity="1" nx_jikkyo="1">ちょ</chat><chat thread="64" no="604" vpos="87092" date="1718203456" date_usec="912412" mail="184 white naka medium" user_id="fb060946-e284-4e3a-9f4b-0db56e08ec71" anonymity="1" nx_jikkyo="1">おいｗ</chat><chat thread="64" no="605" vpos="87144" date="1718203457" date_usec="433828" mail="184 white naka medium" user_id="36abe338-01ec-4478-b931-a5b4012c500b" anonymity="1" nx_jikkyo="1">おいｗ</chat><chat thread="64" no="606" vpos="87250" date="1718203458" date_usec="496881" mail="184 white naka medium" user_id="5db63c9e-cd96-4220-addc-299994f4db9e" anonymity="1" nx_jikkyo="1">ｽﾅｧ</chat><chat thread="64" no="607" vpos="87312" date="1718203459" date_usec="119796" mail="184 white naka medium" user_id="80cc1fb3-5a52-4ce5-be99-eb37979d827a" anonymity="1" nx_jikkyo="1">トイレｗｗ</chat><chat thread="64" no="608" vpos="87520" date="1718203461" date_usec="196360" mail="184 white naka medium" user_id="97d7657c-533a-4f4b-9ba0-6ffb6f857264" anonymity="1" nx_jikkyo="1">ｗｗｗ</chat><chat thread="64" no="609" vpos="87563" date="1718203461" date_usec="626533" mail="184 white naka medium" user_id="9cea8ff3-10f3-4022-afa7-e93a9bdf7855" anonymity="1" nx_jikkyo="1">トイレの女神ｗ</chat><chat thread="64" no="610" vpos="87667" date="1718203462" date_usec="66605" mail="184 white naka medium" user_id="6dcc34a7-1b48-40e3-a9f8-ccc66b68744d" anonymity="1" nx_jikkyo="1">トイレの女神ｗｗ(´・ω・｀)</chat><chat thread="64" no="611" vpos="87686" date="1718203462" date_usec="856677" mail="184 white naka medium" user_id="2a941422-bb44-493d-a3f0-780f41b75b9a" anonymity="1" nx_jikkyo="1">トイレの女神ｗ</chat><chat thread="64" no="612" vpos="87895" date="1718203464" date_usec="940933" mail="184 white naka medium" user_id="acd0a955-dbf0-44d8-925e-c2d1b118b109" anonymity="1" nx_jikkyo="1">トイレの女神w</chat><chat thread="64" no="613" vpos="88323" date="1718203469" date_usec="225716" mail="184 white naka medium" user_id="1df87d4b-b90f-46db-9487-9ddc373c5fc6" anonymity="1" nx_jikkyo="1">ジェンガ</chat><chat thread="64" no="614" vpos="88949" date="1718203475" date_usec="484452" mail="184 white naka medium" user_id="80cc1fb3-5a52-4ce5-be99-eb37979d827a" anonymity="1" nx_jikkyo="1">草</chat><chat thread="64" no="615" vpos="89156" date="1718203477" date_usec="555368" mail="184 white naka medium" user_id="b30409ac-98d2-40c9-85f5-feb76bec054d" anonymity="1" nx_jikkyo="1">さん</chat><chat thread="64" no="616" vpos="89157" date="1718203477" date_usec="568084" mail="184 white naka medium" user_id="6fa03d4b-e578-4bae-b8db-ef1154edc25d" anonymity="1" nx_jikkyo="1">トイレの神様</chat><chat thread="64" no="617" vpos="89244" date="1718203478" date_usec="431116" mail="184 white naka medium" user_id="2e1b6110-4e59-48c6-abeb-ccd5cd073b12" anonymity="1" nx_jikkyo="1">ｗ</chat><chat thread="64" no="618" vpos="90536" date="1718203491" date_usec="350646" mail="184 white naka medium" user_id="2a941422-bb44-493d-a3f0-780f41b75b9a" anonymity="1" nx_jikkyo="1">チンピラ女神</chat><chat thread="64" no="619" vpos="90554" date="1718203491" date_usec="532479" mail="184 white naka medium" user_id="d45a5508-16cc-458d-aebe-9a66cdb4b0eb" anonymity="1" nx_jikkyo="1">強いなあ</chat><chat thread="64" no="620" vpos="90849" date="1718203494" date_usec="488895" mail="184 white naka medium" user_id="fb060946-e284-4e3a-9f4b-0db56e08ec71" anonymity="1" nx_jikkyo="1">ちんぴら女神</chat><chat thread="64" no="621" vpos="91074" date="1718203496" date_usec="739353" mail="184 white naka medium" user_id="5db63c9e-cd96-4220-addc-299994f4db9e" anonymity="1" nx_jikkyo="1">たれ目ｗ</chat><chat thread="64" no="622" vpos="91949" date="1718203505" date_usec="48006" mail="184 white naka medium" user_id="5db63c9e-cd96-4220-addc-299994f4db9e" anonymity="1" nx_jikkyo="1">顏ｗｗ</chat><chat thread="64" no="623" vpos="91952" date="1718203505" date_usec="517184" mail="184 white naka medium" user_id="6dcc34a7-1b48-40e3-a9f8-ccc66b68744d" anonymity="1" nx_jikkyo="1">ぷーくす(´・ω・｀)</chat><chat thread="64" no="624" vpos="92044" date="1718203506" date_usec="433640" mail="184 white naka medium" user_id="80cc1fb3-5a52-4ce5-be99-eb37979d827a" anonymity="1" nx_jikkyo="1">かわいい</chat><chat thread="64" no="625" vpos="92123" date="1718203507" date_usec="220431" mail="184 white naka medium" user_id="fb060946-e284-4e3a-9f4b-0db56e08ec71" anonymity="1" nx_jikkyo="1">ぷーくすくす</chat><chat thread="64" no="626" vpos="92261" date="1718203508" date_usec="607383" mail="184 white naka medium" user_id="91fc463c-93bb-4293-89c7-fc88a963e0ac" anonymity="1" nx_jikkyo="1">ｗ</chat><chat thread="64" no="627" vpos="92325" date="1718203509" date_usec="247015" mail="184 white naka medium" user_id="1df87d4b-b90f-46db-9487-9ddc373c5fc6" anonymity="1" nx_jikkyo="1">いいたんこぶ</chat><chat thread="64" no="628" vpos="92512" date="1718203511" date_usec="118423" mail="184 white naka medium" user_id="b30409ac-98d2-40c9-85f5-feb76bec054d" anonymity="1" nx_jikkyo="1">へ（</chat><chat thread="64" no="629" vpos="92558" date="1718203511" date_usec="578280" mail="184 white naka medium" user_id="acd0a955-dbf0-44d8-925e-c2d1b118b109" anonymity="1" nx_jikkyo="1">かわいい</chat><chat thread="64" no="630" vpos="92596" date="1718203511" date_usec="953886" mail="184 white naka medium" user_id="9cea8ff3-10f3-4022-afa7-e93a9bdf7855" anonymity="1" nx_jikkyo="1">ぷーくすくす</chat><chat thread="64" no="631" vpos="93384" date="1718203519" date_usec="834727" mail="184 white naka medium" user_id="e8352246-ae91-468a-af73-846d1122a83a" anonymity="1" nx_jikkyo="1">げんこつ受ける女神</chat><chat thread="64" no="632" vpos="94032" date="1718203526" date_usec="312002" mail="184 white naka medium" user_id="80cc1fb3-5a52-4ce5-be99-eb37979d827a" anonymity="1" nx_jikkyo="1">あー</chat><chat thread="64" no="633" vpos="94384" date="1718203529" date_usec="83966" mail="184 white naka medium" user_id="2a941422-bb44-493d-a3f0-780f41b75b9a" anonymity="1" nx_jikkyo="1">ｋｗｓｋ</chat><chat thread="64" no="634" vpos="94437" date="1718203530" date_usec="365236" mail="184 white naka medium" user_id="b30409ac-98d2-40c9-85f5-feb76bec054d" anonymity="1" nx_jikkyo="1">詳しく</chat><chat thread="64" no="635" vpos="94438" date="1718203530" date_usec="372773" mail="184 white naka medium" user_id="6dcc34a7-1b48-40e3-a9f8-ccc66b68744d" anonymity="1" nx_jikkyo="1">ｋｗｓｋ(´・ω・｀)</chat><chat thread="64" no="636" vpos="94512" date="1718203531" date_usec="118650" mail="184 white naka medium" user_id="5db63c9e-cd96-4220-addc-299994f4db9e" anonymity="1" nx_jikkyo="1">ｋｗｓｋ</chat><chat thread="64" no="637" vpos="95531" date="1718203541" date_usec="304327" mail="184 white naka medium" user_id="5ca456fc-d90e-4b7a-af9c-2fc504bb3d2f" anonymity="1" nx_jikkyo="1">屋敷ふっ飛ばしたのに割とぴんぴんしてるよなあいつ</chat><chat thread="64" no="638" vpos="98022" date="1718203566" date_usec="213313" mail="184 white naka medium" user_id="fe71d9c7-206d-48f0-85a7-db85a9a66100" anonymity="1" nx_jikkyo="1">じゃあカズマのせいじゃん</chat><chat thread="64" no="639" vpos="98085" date="1718203566" date_usec="841820" mail="184 white naka medium" user_id="acd0a955-dbf0-44d8-925e-c2d1b118b109" anonymity="1" nx_jikkyo="1">あの時屋敷には誰もいなかった</chat><chat thread="64" no="640" vpos="98892" date="1718203574" date_usec="916845" mail="184 white naka medium" user_id="a5b55e70-adec-437b-a727-9b48626eae08" anonymity="1" nx_jikkyo="1">草</chat><chat thread="64" no="641" vpos="99820" date="1718203584" date_usec="190233" mail="184 white naka medium" user_id="1df87d4b-b90f-46db-9487-9ddc373c5fc6" anonymity="1" nx_jikkyo="1">甜菜なぁ</chat><chat thread="64" no="642" vpos="102327" date="1718203609" date_usec="262304" mail="184 white naka medium" user_id="5ca456fc-d90e-4b7a-af9c-2fc504bb3d2f" anonymity="1" nx_jikkyo="1">財産とか吹っ飛んだんじゃないのかなと</chat><chat thread="64" no="643" vpos="103499" date="1718203620" date_usec="985872" mail="184 white naka medium" user_id="36abe338-01ec-4478-b931-a5b4012c500b" anonymity="1" nx_jikkyo="1">あー</chat><chat thread="64" no="644" vpos="104125" date="1718203627" date_usec="24847" mail="184 white naka medium" user_id="fb060946-e284-4e3a-9f4b-0db56e08ec71" anonymity="1" nx_jikkyo="1">そういうことなのか</chat><chat thread="64" no="645" vpos="104375" date="1718203629" date_usec="74851" mail="184 white naka medium" user_id="acd0a955-dbf0-44d8-925e-c2d1b118b109" anonymity="1" nx_jikkyo="1">うわー</chat><chat thread="64" no="646" vpos="104515" date="1718203631" date_usec="147140" mail="184 white naka medium" user_id="91fc463c-93bb-4293-89c7-fc88a963e0ac" anonymity="1" nx_jikkyo="1">体で</chat><chat thread="64" no="648" vpos="105934" date="1718203645" date_usec="339802" mail="184 white naka medium" user_id="fb060946-e284-4e3a-9f4b-0db56e08ec71" anonymity="1" nx_jikkyo="1">ぐへへ</chat><chat thread="64" no="647" vpos="105963" date="1718203645" date_usec="62556" mail="184 white naka medium" user_id="5db63c9e-cd96-4220-addc-299994f4db9e" anonymity="1" nx_jikkyo="1">ぐへへ</chat><chat thread="64" no="649" vpos="105979" date="1718203645" date_usec="782512" mail="184 white naka medium" user_id="1df87d4b-b90f-46db-9487-9ddc373c5fc6" anonymity="1" nx_jikkyo="1">ぐへへ</chat><chat thread="64" no="650" vpos="105989" date="1718203645" date_usec="888922" mail="184 white naka medium" user_id="b30409ac-98d2-40c9-85f5-feb76bec054d" anonymity="1" nx_jikkyo="1">へっへっへっへ</chat><chat thread="64" no="651" vpos="106013" date="1718203646" date_usec="126302" mail="184 white naka medium" user_id="91fc463c-93bb-4293-89c7-fc88a963e0ac" anonymity="1" nx_jikkyo="1">ぐへへ</chat><chat thread="64" no="652" vpos="106547" date="1718203651" date_usec="466685" mail="184 white naka medium" user_id="d45a5508-16cc-458d-aebe-9a66cdb4b0eb" anonymity="1" nx_jikkyo="1">げすいなあｗ</chat><chat thread="64" no="653" vpos="106646" date="1718203652" date_usec="451308" mail="184 white naka medium" user_id="80cc1fb3-5a52-4ce5-be99-eb37979d827a" anonymity="1" nx_jikkyo="1">進撃の巨人みたいな伏線回収すんなｗ</chat><chat thread="64" no="654" vpos="106926" date="1718203655" date_usec="259242" mail="184 white naka medium" user_id="5db63c9e-cd96-4220-addc-299994f4db9e" anonymity="1" nx_jikkyo="1">ｗｗ</chat><chat thread="64" no="655" vpos="106950" date="1718203655" date_usec="497133" mail="184 white naka medium" user_id="80cc1fb3-5a52-4ce5-be99-eb37979d827a" anonymity="1" nx_jikkyo="1">草</chat><chat thread="64" no="656" vpos="107060" date="1718203656" date_usec="591820" mail="184 white naka medium" user_id="842d681e-dcf5-4aa2-a13f-c2078853d739" anonymity="1" nx_jikkyo="1">リョナ中歓喜</chat><chat thread="64" no="657" vpos="107253" date="1718203658" date_usec="520080" mail="184 white naka medium" user_id="fb060946-e284-4e3a-9f4b-0db56e08ec71" anonymity="1" nx_jikkyo="1">ｗｗｗ</chat><chat thread="64" no="658" vpos="107412" date="1718203660" date_usec="113852" mail="184 white naka medium" user_id="91fc463c-93bb-4293-89c7-fc88a963e0ac" anonymity="1" nx_jikkyo="1">ママァ</chat><chat thread="64" no="659" vpos="107561" date="1718203661" date_usec="609952" mail="184 white naka medium" user_id="36abe338-01ec-4478-b931-a5b4012c500b" anonymity="1" nx_jikkyo="1">ｗ</chat><chat thread="64" no="660" vpos="108922" date="1718203675" date_usec="211163" mail="184 white naka medium" user_id="5ca456fc-d90e-4b7a-af9c-2fc504bb3d2f" anonymity="1" nx_jikkyo="1">カズマが払う義務ができた</chat><chat thread="64" no="661" vpos="109370" date="1718203679" date_usec="695468" mail="184 white naka medium" user_id="36abe338-01ec-4478-b931-a5b4012c500b" anonymity="1" nx_jikkyo="1">悪魔かな</chat><chat thread="64" no="662" vpos="109420" date="1718203680" date_usec="192218" mail="184 white naka medium" user_id="5db63c9e-cd96-4220-addc-299994f4db9e" anonymity="1" nx_jikkyo="1">おけらに</chat><chat thread="64" no="663" vpos="110168" date="1718203687" date_usec="671915" mail="184 white naka medium" user_id="80cc1fb3-5a52-4ce5-be99-eb37979d827a" anonymity="1" nx_jikkyo="1">あら</chat><chat thread="64" no="664" vpos="110922" date="1718203695" date_usec="212657" mail="184 white naka medium" user_id="fe71d9c7-206d-48f0-85a7-db85a9a66100" anonymity="1" nx_jikkyo="1">あら</chat><chat thread="64" no="665" vpos="112298" date="1718203708" date_usec="970879" mail="184 white naka medium" user_id="fb060946-e284-4e3a-9f4b-0db56e08ec71" anonymity="1" nx_jikkyo="1">ｍ９</chat><chat thread="64" no="666" vpos="112484" date="1718203710" date_usec="830818" mail="184 white naka medium" user_id="acd0a955-dbf0-44d8-925e-c2d1b118b109" anonymity="1" nx_jikkyo="1">おもしろおじさんだと思ってたのになぁ</chat><chat thread="64" no="667" vpos="112729" date="1718203713" date_usec="282955" mail="184 white naka medium" user_id="2687d400-5a9f-4064-8661-d3b6050e8cca" anonymity="1" nx_jikkyo="1">乱入シーンで今週は終わりかな？</chat><chat thread="64" no="668" vpos="112898" date="1718203714" date_usec="976576" mail="184 white naka medium" user_id="91fc463c-93bb-4293-89c7-fc88a963e0ac" anonymity="1" nx_jikkyo="1">＾＾</chat><chat thread="64" no="669" vpos="113040" date="1718203716" date_usec="395970" mail="184 white naka medium" user_id="80cc1fb3-5a52-4ce5-be99-eb37979d827a" anonymity="1" nx_jikkyo="1">せやな</chat><chat thread="64" no="670" vpos="114084" date="1718203726" date_usec="837968" mail="184 white naka medium" user_id="3f32fc9c-6335-46ab-8191-fa9c20aa116d" anonymity="1" nx_jikkyo="1">知的財産すべてとかすげーな</chat><chat thread="64" no="671" vpos="114860" date="1718203734" date_usec="599616" mail="184 white naka medium" user_id="b1dac0ca-8251-428b-bb09-72adf5922717" anonymity="1" nx_jikkyo="1">あの打ち出の小づちあればなんとかなったのにな</chat><chat thread="64" no="672" vpos="114873" date="1718203734" date_usec="722098" mail="184 white naka medium" user_id="80cc1fb3-5a52-4ce5-be99-eb37979d827a" anonymity="1" nx_jikkyo="1">結婚式という名の調印式</chat><chat thread="64" no="673" vpos="115079" date="1718203736" date_usec="784272" mail="184 white naka medium" user_id="1df87d4b-b90f-46db-9487-9ddc373c5fc6" anonymity="1" nx_jikkyo="1">でかくねｗ</chat><chat thread="64" no="674" vpos="115552" date="1718203741" date_usec="518825" mail="184 white naka medium" user_id="acd0a955-dbf0-44d8-925e-c2d1b118b109" anonymity="1" nx_jikkyo="1">すうううううう</chat><chat thread="64" no="675" vpos="119272" date="1718203778" date_usec="717363" mail="184 white naka medium" user_id="80cc1fb3-5a52-4ce5-be99-eb37979d827a" anonymity="1" nx_jikkyo="1">草</chat><chat thread="64" no="676" vpos="119335" date="1718203779" date_usec="34212" mail="184 white naka medium" user_id="97d7657c-533a-4f4b-9ba0-6ffb6f857264" anonymity="1" nx_jikkyo="1">ｗ</chat><chat thread="64" no="677" vpos="119426" date="1718203780" date_usec="252641" mail="184 white naka medium" user_id="1df87d4b-b90f-46db-9487-9ddc373c5fc6" anonymity="1" nx_jikkyo="1">あｗ</chat><chat thread="64" no="678" vpos="119560" date="1718203781" date_usec="590025" mail="184 white naka medium" user_id="91fc463c-93bb-4293-89c7-fc88a963e0ac" anonymity="1" nx_jikkyo="1">ｗ</chat><chat thread="64" no="679" vpos="119588" date="1718203781" date_usec="879828" mail="184 white naka medium" user_id="fb060946-e284-4e3a-9f4b-0db56e08ec71" anonymity="1" nx_jikkyo="1">ｗｗｗ</chat><chat thread="64" no="680" vpos="119759" date="1718203783" date_usec="585617" mail="184 white naka medium" user_id="36abe338-01ec-4478-b931-a5b4012c500b" anonymity="1" nx_jikkyo="1">あ</chat><chat thread="64" no="681" vpos="119820" date="1718203784" date_usec="194243" mail="184 white naka medium" user_id="a5b55e70-adec-437b-a727-9b48626eae08" anonymity="1" nx_jikkyo="1">ｗｗｗｗｗｗ</chat><chat thread="64" no="682" vpos="120140" date="1718203787" date_usec="394635" mail="184 white naka medium" user_id="9cea8ff3-10f3-4022-afa7-e93a9bdf7855" anonymity="1" nx_jikkyo="1">ｗｗｗ</chat><chat thread="64" no="683" vpos="120446" date="1718203790" date_usec="457906" mail="184 white naka medium" user_id="91fc463c-93bb-4293-89c7-fc88a963e0ac" anonymity="1" nx_jikkyo="1">おい</chat><chat thread="64" no="684" vpos="120530" date="1718203791" date_usec="292503" mail="184 white naka medium" user_id="8803ff69-502f-4bb7-9885-93a4a51b4cd6" anonymity="1" nx_jikkyo="1">声真似のせいで</chat><chat thread="64" no="685" vpos="120685" date="1718203792" date_usec="848937" mail="184 white naka medium" user_id="80cc1fb3-5a52-4ce5-be99-eb37979d827a" anonymity="1" nx_jikkyo="1">知れ渡ってて草</chat><chat thread="64" no="686" vpos="120930" date="1718203795" date_usec="292711" mail="184 white naka medium" user_id="9cea8ff3-10f3-4022-afa7-e93a9bdf7855" anonymity="1" nx_jikkyo="1">回想は</chat><chat thread="64" no="687" vpos="121728" date="1718203803" date_usec="271013" mail="184 white naka medium" user_id="36abe338-01ec-4478-b931-a5b4012c500b" anonymity="1" nx_jikkyo="1">けつ</chat><chat thread="64" no="688" vpos="122335" date="1718203809" date_usec="346214" mail="184 white naka medium" user_id="3f32fc9c-6335-46ab-8191-fa9c20aa116d" anonymity="1" nx_jikkyo="1">ダクネスがやべーやつだと思ってたごめん</chat><chat thread="64" no="689" vpos="123582" date="1718203821" date_usec="813994" mail="184 white naka medium" user_id="80cc1fb3-5a52-4ce5-be99-eb37979d827a" anonymity="1" nx_jikkyo="1">ダクネスは常識枠（）</chat><chat thread="64" no="690" vpos="123849" date="1718203824" date_usec="487814" mail="184 white naka medium" user_id="5ca456fc-d90e-4b7a-af9c-2fc504bb3d2f" anonymity="1" nx_jikkyo="1">いややべーやつではあるしw</chat><chat thread="64" no="691" vpos="124620" date="1718203832" date_usec="199539" mail="184 white naka medium" user_id="fb060946-e284-4e3a-9f4b-0db56e08ec71" anonymity="1" nx_jikkyo="1">どＭはやべーですよ</chat><chat thread="64" no="692" vpos="125861" date="1718203844" date_usec="607779" mail="184 white naka medium" user_id="80cc1fb3-5a52-4ce5-be99-eb37979d827a" anonymity="1" nx_jikkyo="1">ｗｗ</chat><chat thread="64" no="693" vpos="127986" date="1718203865" date_usec="85746" mail="184 white naka medium" user_id="80cc1fb3-5a52-4ce5-be99-eb37979d827a" anonymity="1" nx_jikkyo="1">あ</chat><chat thread="64" no="694" vpos="128391" date="1718203869" date_usec="904517" mail="184 white naka medium" user_id="fb060946-e284-4e3a-9f4b-0db56e08ec71" anonymity="1" nx_jikkyo="1">お</chat><chat thread="64" no="695" vpos="128545" date="1718203871" date_usec="44487" mail="184 white naka medium" user_id="d45a5508-16cc-458d-aebe-9a66cdb4b0eb" anonymity="1" nx_jikkyo="1">あ</chat><chat thread="64" no="696" vpos="128682" date="1718203872" date_usec="811070" mail="184 white naka medium" user_id="8803ff69-502f-4bb7-9885-93a4a51b4cd6" anonymity="1" nx_jikkyo="1">おっと</chat><chat thread="64" no="697" vpos="128799" date="1718203873" date_usec="982795" mail="184 white naka medium" user_id="5ca456fc-d90e-4b7a-af9c-2fc504bb3d2f" anonymity="1" nx_jikkyo="1">それって</chat><chat thread="64" no="698" vpos="129046" date="1718203876" date_usec="450388" mail="184 white naka medium" user_id="5db63c9e-cd96-4220-addc-299994f4db9e" anonymity="1" nx_jikkyo="1">プリースト</chat><chat thread="64" no="699" vpos="129325" date="1718203879" date_usec="244436" mail="184 white naka medium" user_id="acd0a955-dbf0-44d8-925e-c2d1b118b109" anonymity="1" nx_jikkyo="1">おや</chat><chat thread="64" no="700" vpos="130282" date="1718203888" date_usec="810669" mail="184 white naka medium" user_id="2a941422-bb44-493d-a3f0-780f41b75b9a" anonymity="1" nx_jikkyo="1">街一番の実力者なプリースト</chat><chat thread="64" no="701" vpos="130478" date="1718203890" date_usec="7751" mail="184 white naka medium" user_id="5db63c9e-cd96-4220-addc-299994f4db9e" anonymity="1" nx_jikkyo="1">悪そう</chat><chat thread="64" no="702" vpos="130537" date="1718203891" date_usec="369051" mail="184 white naka medium" user_id="fb060946-e284-4e3a-9f4b-0db56e08ec71" anonymity="1" nx_jikkyo="1">駄女神が</chat><chat thread="64" no="703" vpos="130577" date="1718203891" date_usec="760205" mail="184 white naka medium" user_id="1df87d4b-b90f-46db-9487-9ddc373c5fc6" anonymity="1" nx_jikkyo="1">わるそうなのばっかｗ</chat><chat thread="64" no="704" vpos="130722" date="1718203893" date_usec="217849" mail="184 white naka medium" user_id="80cc1fb3-5a52-4ce5-be99-eb37979d827a" anonymity="1" nx_jikkyo="1">機織り職人ｗｗ</chat><chat thread="64" no="705" vpos="131011" date="1718203896" date_usec="103641" mail="184 white naka medium" user_id="8803ff69-502f-4bb7-9885-93a4a51b4cd6" anonymity="1" nx_jikkyo="1">機織さん</chat><chat thread="64" no="706" vpos="131061" date="1718203896" date_usec="601547" mail="184 white naka medium" user_id="2a941422-bb44-493d-a3f0-780f41b75b9a" anonymity="1" nx_jikkyo="1">正装しとる</chat><chat thread="64" no="707" vpos="131099" date="1718203896" date_usec="981475" mail="184 white naka medium" user_id="36abe338-01ec-4478-b931-a5b4012c500b" anonymity="1" nx_jikkyo="1">あおっさん</chat><chat thread="64" no="708" vpos="131164" date="1718203897" date_usec="633850" mail="184 white naka medium" user_id="5ca456fc-d90e-4b7a-af9c-2fc504bb3d2f" anonymity="1" nx_jikkyo="1">六でもない顔の奴らばかり</chat><chat thread="64" no="709" vpos="131167" date="1718203897" date_usec="663238" mail="184 white naka medium" user_id="91fc463c-93bb-4293-89c7-fc88a963e0ac" anonymity="1" nx_jikkyo="1">機織りも</chat><chat thread="64" no="710" vpos="131274" date="1718203898" date_usec="736843" mail="184 white naka medium" user_id="a5b55e70-adec-437b-a727-9b48626eae08" anonymity="1" nx_jikkyo="1">押すなよ</chat><chat thread="64" no="711" vpos="131419" date="1718203900" date_usec="188539" mail="184 white naka medium" user_id="2687d400-5a9f-4064-8661-d3b6050e8cca" anonymity="1" nx_jikkyo="1">なんでいるんだｗ</chat><chat thread="64" no="712" vpos="133726" date="1718203923" date_usec="251327" mail="184 white naka medium" user_id="80cc1fb3-5a52-4ce5-be99-eb37979d827a" anonymity="1" nx_jikkyo="1">自動ドア</chat><chat thread="64" no="713" vpos="134456" date="1718203930" date_usec="559736" mail="184 white naka medium" user_id="a5b55e70-adec-437b-a727-9b48626eae08" anonymity="1" nx_jikkyo="1">でかい</chat><chat thread="64" no="714" vpos="134839" date="1718203934" date_usec="386503" mail="184 white naka medium" user_id="2a941422-bb44-493d-a3f0-780f41b75b9a" anonymity="1" nx_jikkyo="1">魔法ある世界なので</chat><chat thread="64" no="715" vpos="136835" date="1718203954" date_usec="343498" mail="184 white naka medium" user_id="91fc463c-93bb-4293-89c7-fc88a963e0ac" anonymity="1" nx_jikkyo="1">ぐへへ</chat><chat thread="64" no="716" vpos="136936" date="1718203955" date_usec="356218" mail="184 white naka medium" user_id="2e1b6110-4e59-48c6-abeb-ccd5cd073b12" anonymity="1" nx_jikkyo="1">ぐへへ</chat><chat thread="64" no="717" vpos="137053" date="1718203956" date_usec="528244" mail="184 white naka medium" user_id="5db63c9e-cd96-4220-addc-299994f4db9e" anonymity="1" nx_jikkyo="1">ぐへへ</chat><chat thread="64" no="718" vpos="137351" date="1718203959" date_usec="505861" mail="184 white naka medium" user_id="80cc1fb3-5a52-4ce5-be99-eb37979d827a" anonymity="1" nx_jikkyo="1">取り巻き怪しいｗ</chat><chat thread="64" no="719" vpos="138252" date="1718203968" date_usec="514256" mail="184 white naka medium" user_id="acd0a955-dbf0-44d8-925e-c2d1b118b109" anonymity="1" nx_jikkyo="1">あれ</chat><chat thread="64" no="721" vpos="138428" date="1718203970" date_usec="277410" mail="184 white naka medium" user_id="3f32fc9c-6335-46ab-8191-fa9c20aa116d" anonymity="1" nx_jikkyo="1">ん</chat><chat thread="64" no="722" vpos="138481" date="1718203970" date_usec="805000" mail="184 white naka medium" user_id="899d4cd6-4370-4999-9628-4bb92bbdac73" anonymity="1" nx_jikkyo="1">カリオストロかな？</chat><chat thread="64" no="720" vpos="138483" date="1718203970" date_usec="82225" mail="184 white naka medium" user_id="80cc1fb3-5a52-4ce5-be99-eb37979d827a" anonymity="1" nx_jikkyo="1">草</chat><chat thread="64" no="723" vpos="138549" date="1718203971" date_usec="486855" mail="184 white naka medium" user_id="2a941422-bb44-493d-a3f0-780f41b75b9a" anonymity="1" nx_jikkyo="1">声</chat><chat thread="64" no="724" vpos="138611" date="1718203972" date_usec="100987" mail="184 white naka medium" user_id="5db63c9e-cd96-4220-addc-299994f4db9e" anonymity="1" nx_jikkyo="1">声</chat><chat thread="64" no="725" vpos="138638" date="1718203972" date_usec="370899" mail="184 white naka medium" user_id="91fc463c-93bb-4293-89c7-fc88a963e0ac" anonymity="1" nx_jikkyo="1">ｗ</chat><chat thread="64" no="726" vpos="138660" date="1718203972" date_usec="594988" mail="184 white naka medium" user_id="c32efadd-8adb-43bf-ad00-66cbdf98019a" anonymity="1" nx_jikkyo="1">いやいやｗ</chat><chat thread="64" no="727" vpos="138683" date="1718203972" date_usec="828191" mail="184 white naka medium" user_id="80cc1fb3-5a52-4ce5-be99-eb37979d827a" anonymity="1" nx_jikkyo="1">声ｗ</chat><chat thread="64" no="728" vpos="138723" date="1718203973" date_usec="222196" mail="184 white naka medium" user_id="8803ff69-502f-4bb7-9885-93a4a51b4cd6" anonymity="1" nx_jikkyo="1">声</chat><chat thread="64" no="729" vpos="138734" date="1718203973" date_usec="331861" mail="184 white naka medium" user_id="a5b55e70-adec-437b-a727-9b48626eae08" anonymity="1" nx_jikkyo="1">声バレ</chat><chat thread="64" no="730" vpos="138741" date="1718203973" date_usec="402329" mail="184 white naka medium" user_id="36abe338-01ec-4478-b931-a5b4012c500b" anonymity="1" nx_jikkyo="1">声</chat><chat thread="64" no="731" vpos="138768" date="1718203973" date_usec="677050" mail="184 white naka medium" user_id="5ca456fc-d90e-4b7a-af9c-2fc504bb3d2f" anonymity="1" nx_jikkyo="1">声が隠しきれない</chat><chat thread="64" no="732" vpos="138788" date="1718203973" date_usec="879808" mail="184 white naka medium" user_id="1df87d4b-b90f-46db-9487-9ddc373c5fc6" anonymity="1" nx_jikkyo="1">あれｗ</chat><chat thread="64" no="733" vpos="139078" date="1718203976" date_usec="779807" mail="184 white naka medium" user_id="2687d400-5a9f-4064-8661-d3b6050e8cca" anonymity="1" nx_jikkyo="1">ん？</chat><chat thread="64" no="734" vpos="139118" date="1718203977" date_usec="171643" mail="184 white naka medium" user_id="fb060946-e284-4e3a-9f4b-0db56e08ec71" anonymity="1" nx_jikkyo="1">ｗｗ</chat><chat thread="64" no="735" vpos="139266" date="1718203978" date_usec="65910" mail="184 white naka medium" user_id="9cea8ff3-10f3-4022-afa7-e93a9bdf7855" anonymity="1" nx_jikkyo="1">声ｗ</chat><chat thread="64" no="736" vpos="139459" date="1718203980" date_usec="584687" mail="184 white naka medium" user_id="d45a5508-16cc-458d-aebe-9a66cdb4b0eb" anonymity="1" nx_jikkyo="1">真のどMならこういうのも嬉しいんじゃないか</chat><chat thread="64" no="737" vpos="139679" date="1718203982" date_usec="787594" mail="184 white naka medium" user_id="8803ff69-502f-4bb7-9885-93a4a51b4cd6" anonymity="1" nx_jikkyo="1">あーなんじ</chat><chat thread="64" no="738" vpos="139995" date="1718203985" date_usec="941927" mail="184 white naka medium" user_id="80cc1fb3-5a52-4ce5-be99-eb37979d827a" anonymity="1" nx_jikkyo="1">いやすぎるｗ</chat><chat thread="64" no="739" vpos="140673" date="1718203992" date_usec="72844" mail="184 white naka medium" user_id="1df87d4b-b90f-46db-9487-9ddc373c5fc6" anonymity="1" nx_jikkyo="1">長いｗ</chat><chat thread="64" no="740" vpos="140878" date="1718203994" date_usec="772201" mail="184 white naka medium" user_id="8803ff69-502f-4bb7-9885-93a4a51b4cd6" anonymity="1" nx_jikkyo="1">おじさん</chat><chat thread="64" no="741" vpos="141027" date="1718203996" date_usec="26153" mail="184 white naka medium" user_id="9cea8ff3-10f3-4022-afa7-e93a9bdf7855" anonymity="1" nx_jikkyo="1">おじさんｗ</chat><chat thread="64" no="742" vpos="141036" date="1718203996" date_usec="352627" mail="184 white naka medium" user_id="acd0a955-dbf0-44d8-925e-c2d1b118b109" anonymity="1" nx_jikkyo="1">wwwwwwwww</chat><chat thread="64" no="744" vpos="141220" date="1718203998" date_usec="195255" mail="184 white naka medium" user_id="5ca456fc-d90e-4b7a-af9c-2fc504bb3d2f" anonymity="1" nx_jikkyo="1">実はドМにも選ぶ権利が</chat><chat thread="64" no="745" vpos="141223" date="1718203998" date_usec="224303" mail="184 white naka medium" user_id="1df87d4b-b90f-46db-9487-9ddc373c5fc6" anonymity="1" nx_jikkyo="1">おじさんさいこー</chat><chat thread="64" no="743" vpos="141242" date="1718203998" date_usec="41577" mail="184 white naka medium" user_id="80cc1fb3-5a52-4ce5-be99-eb37979d827a" anonymity="1" nx_jikkyo="1">おじさん</chat><chat thread="64" no="746" vpos="141254" date="1718203998" date_usec="535888" mail="184 white naka medium" user_id="c32efadd-8adb-43bf-ad00-66cbdf98019a" anonymity="1" nx_jikkyo="1">あれれ～ｗ</chat><chat thread="64" no="747" vpos="141366" date="1718203999" date_usec="651650" mail="184 white naka medium" user_id="36abe338-01ec-4478-b931-a5b4012c500b" anonymity="1" nx_jikkyo="1">おじさんｗ</chat><chat thread="64" no="748" vpos="141445" date="1718204000" date_usec="448410" mail="184 white naka medium" user_id="b96983de-b3ad-4489-a301-ec501e01a796" anonymity="1" nx_jikkyo="1">おじさん</chat><chat thread="64" no="749" vpos="141557" date="1718204001" date_usec="56544" mail="184 white naka medium" user_id="fb060946-e284-4e3a-9f4b-0db56e08ec71" anonymity="1" nx_jikkyo="1">ｗｗｗ</chat><chat thread="64" no="750" vpos="142564" date="1718204011" date_usec="635226" mail="184 white naka medium" user_id="80cc1fb3-5a52-4ce5-be99-eb37979d827a" anonymity="1" nx_jikkyo="1">かわいい</chat><chat thread="64" no="751" vpos="142817" date="1718204014" date_usec="162354" mail="184 white naka medium" user_id="acd0a955-dbf0-44d8-925e-c2d1b118b109" anonymity="1" nx_jikkyo="1">あら</chat><chat thread="64" no="752" vpos="142873" date="1718204014" date_usec="727668" mail="184 white naka medium" user_id="c32efadd-8adb-43bf-ad00-66cbdf98019a" anonymity="1" nx_jikkyo="1">かわいい</chat><chat thread="64" no="753" vpos="143034" date="1718204016" date_usec="330559" mail="184 white naka medium" user_id="91fc463c-93bb-4293-89c7-fc88a963e0ac" anonymity="1" nx_jikkyo="1">きゅ</chat><chat thread="64" no="754" vpos="143239" date="1718204018" date_usec="38496" mail="184 white naka medium" user_id="fb060946-e284-4e3a-9f4b-0db56e08ec71" anonymity="1" nx_jikkyo="1">きゅっ</chat><chat thread="64" no="755" vpos="143638" date="1718204022" date_usec="370950" mail="184 white naka medium" user_id="6fa03d4b-e578-4bae-b8db-ef1154edc25d" anonymity="1" nx_jikkyo="1">かやのみ</chat><chat thread="64" no="756" vpos="143780" date="1718204023" date_usec="798423" mail="184 white naka medium" user_id="8803ff69-502f-4bb7-9885-93a4a51b4cd6" anonymity="1" nx_jikkyo="1">お、おまえは</chat><chat thread="64" no="757" vpos="143997" date="1718204025" date_usec="966907" mail="184 white naka medium" user_id="1df87d4b-b90f-46db-9487-9ddc373c5fc6" anonymity="1" nx_jikkyo="1">お</chat><chat thread="64" no="758" vpos="144026" date="1718204026" date_usec="25804" mail="184 white naka medium" user_id="fe71d9c7-206d-48f0-85a7-db85a9a66100" anonymity="1" nx_jikkyo="1">かわいい</chat><chat thread="64" no="759" vpos="144340" date="1718204029" date_usec="392003" mail="184 white naka medium" user_id="fb060946-e284-4e3a-9f4b-0db56e08ec71" anonymity="1" nx_jikkyo="1">あら</chat><chat thread="64" no="760" vpos="144369" date="1718204029" date_usec="682859" mail="184 white naka medium" user_id="80cc1fb3-5a52-4ce5-be99-eb37979d827a" anonymity="1" nx_jikkyo="1">イケメン</chat><chat thread="64" no="761" vpos="144551" date="1718204031" date_usec="500931" mail="184 white naka medium" user_id="91fc463c-93bb-4293-89c7-fc88a963e0ac" anonymity="1" nx_jikkyo="1">あるある</chat><chat thread="64" no="762" vpos="144637" date="1718204032" date_usec="369739" mail="184 white naka medium" user_id="d45a5508-16cc-458d-aebe-9a66cdb4b0eb" anonymity="1" nx_jikkyo="1">卒業</chat><chat thread="64" no="763" vpos="144947" date="1718204035" date_usec="462964" mail="184 white naka medium" user_id="c32efadd-8adb-43bf-ad00-66cbdf98019a" anonymity="1" nx_jikkyo="1">イケメンムーブ！</chat><chat thread="64" no="764" vpos="145038" date="1718204036" date_usec="375601" mail="184 white naka medium" user_id="8803ff69-502f-4bb7-9885-93a4a51b4cd6" anonymity="1" nx_jikkyo="1">お父さんお母さん</chat><chat thread="64" no="765" vpos="145373" date="1718204039" date_usec="720534" mail="184 white naka medium" user_id="fe71d9c7-206d-48f0-85a7-db85a9a66100" anonymity="1" nx_jikkyo="1">かけおちかな</chat><chat thread="64" no="766" vpos="145588" date="1718204041" date_usec="870877" mail="184 white naka medium" user_id="1df87d4b-b90f-46db-9487-9ddc373c5fc6" anonymity="1" nx_jikkyo="1">あれかわい</chat><chat thread="64" no="767" vpos="145942" date="1718204045" date_usec="413130" mail="184 white naka medium" user_id="2a941422-bb44-493d-a3f0-780f41b75b9a" anonymity="1" nx_jikkyo="1">＞＜</chat><chat thread="64" no="768" vpos="145948" date="1718204045" date_usec="473948" mail="184 white naka medium" user_id="8803ff69-502f-4bb7-9885-93a4a51b4cd6" anonymity="1" nx_jikkyo="1">＞＜</chat><chat thread="64" no="769" vpos="145991" date="1718204045" date_usec="907335" mail="184 white naka medium" user_id="ea1a05f7-a14a-4ac0-81d4-539f0c0658d1" anonymity="1" nx_jikkyo="1">卒業した</chat><chat thread="64" no="770" vpos="146789" date="1718204053" date_usec="882901" mail="184 white naka medium" user_id="80cc1fb3-5a52-4ce5-be99-eb37979d827a" anonymity="1" nx_jikkyo="1">後ろ応援してるだけｗ</chat><chat thread="64" no="771" vpos="146974" date="1718204055" date_usec="731780" mail="184 white naka medium" user_id="a5b55e70-adec-437b-a727-9b48626eae08" anonymity="1" nx_jikkyo="1">花鳥風月ｗｗ</chat><chat thread="64" no="773" vpos="147035" date="1718204056" date_usec="349893" mail="184 white naka medium" user_id="acd0a955-dbf0-44d8-925e-c2d1b118b109" anonymity="1" nx_jikkyo="1">おお</chat><chat thread="64" no="772" vpos="147057" date="1718204056" date_usec="56272" mail="184 white naka medium" user_id="2e1b6110-4e59-48c6-abeb-ccd5cd073b12" anonymity="1" nx_jikkyo="1">おわた</chat><chat thread="64" no="774" vpos="147182" date="1718204057" date_usec="813471" mail="184 white naka medium" user_id="1df87d4b-b90f-46db-9487-9ddc373c5fc6" anonymity="1" nx_jikkyo="1">あれおわた</chat><chat thread="64" no="775" vpos="147183" date="1718204057" date_usec="827112" mail="184 white naka medium" user_id="b96983de-b3ad-4489-a301-ec501e01a796" anonymity="1" nx_jikkyo="1">おたま</chat><chat thread="64" no="776" vpos="147322" date="1718204059" date_usec="213809" mail="184 white naka medium" user_id="c32efadd-8adb-43bf-ad00-66cbdf98019a" anonymity="1" nx_jikkyo="1">予告の人が多いｗ</chat><chat thread="64" no="777" vpos="147337" date="1718204059" date_usec="361001" mail="184 white naka medium" user_id="91fc463c-93bb-4293-89c7-fc88a963e0ac" anonymity="1" nx_jikkyo="1">予告の人多い</chat><chat thread="64" no="778" vpos="147567" date="1718204061" date_usec="660712" mail="184 white naka medium" user_id="aec502e2-ab10-4759-a8b4-a4463471dd0f" anonymity="1" nx_jikkyo="1">カズマなのにかっこいい(´・ω・｀)</chat><chat thread="64" no="779" vpos="147861" date="1718204064" date_usec="603681" mail="184 white naka medium" user_id="2a941422-bb44-493d-a3f0-780f41b75b9a" anonymity="1" nx_jikkyo="1">かずまさんかっこいい</chat><chat thread="64" no="780" vpos="147924" date="1718204065" date_usec="237591" mail="184 white naka medium" user_id="36abe338-01ec-4478-b931-a5b4012c500b" anonymity="1" nx_jikkyo="1">予告の人ｗ</chat><chat thread="64" no="781" vpos="148425" date="1718204070" date_usec="246876" mail="184 white naka medium" user_id="1a79291d-76f7-40ee-8537-ae466b0d258f" anonymity="1" nx_jikkyo="1">来週最終回か</chat><chat thread="64" no="782" vpos="148763" date="1718204073" date_usec="628396" mail="184 white naka medium" user_id="2687d400-5a9f-4064-8661-d3b6050e8cca" anonymity="1" nx_jikkyo="1">予告の人3人もいるｗ</chat><chat thread="64" no="783" vpos="148892" date="1718204074" date_usec="919569" mail="184 white naka medium" user_id="36abe338-01ec-4478-b931-a5b4012c500b" anonymity="1" nx_jikkyo="1">カズマさんがかっこいいだと…</chat><chat thread="64" no="784" vpos="148955" date="1718204075" date_usec="540992" mail="184 white naka medium" user_id="b96983de-b3ad-4489-a301-ec501e01a796" anonymity="1" nx_jikkyo="1">ぺしぺし</chat><chat thread="64" no="785" vpos="149320" date="1718204079" date_usec="191715" mail="184 white naka medium" user_id="fb060946-e284-4e3a-9f4b-0db56e08ec71" anonymity="1" nx_jikkyo="1">今回のカズマさんイケメンやなあ</chat><chat thread="64" no="786" vpos="149389" date="1718204079" date_usec="888072" mail="184 white naka medium" user_id="36abe338-01ec-4478-b931-a5b4012c500b" anonymity="1" nx_jikkyo="1">おｐ</chat><chat thread="64" no="787" vpos="149628" date="1718204082" date_usec="277050" mail="184 white naka medium" user_id="899d4cd6-4370-4999-9628-4bb92bbdac73" anonymity="1" nx_jikkyo="1">予告の人多いな</chat><chat thread="64" no="788" vpos="150111" date="1718204087" date_usec="106911" mail="184 white naka medium" user_id="9cea8ff3-10f3-4022-afa7-e93a9bdf7855" anonymity="1" nx_jikkyo="1">ぺちぺち</chat><chat thread="64" no="789" vpos="150176" date="1718204087" date_usec="750371" mail="184 white naka medium" user_id="36abe338-01ec-4478-b931-a5b4012c500b" anonymity="1" nx_jikkyo="1">顔ｗ</chat><chat thread="64" no="790" vpos="151066" date="1718204096" date_usec="659187" mail="184 white naka medium" user_id="b96983de-b3ad-4489-a301-ec501e01a796" anonymity="1" nx_jikkyo="1">茹でおたま</chat><chat thread="64" no="791" vpos="151229" date="1718204098" date_usec="282224" mail="184 white naka medium" user_id="1df87d4b-b90f-46db-9487-9ddc373c5fc6" anonymity="1" nx_jikkyo="1">人</chat><chat thread="64" no="792" vpos="151273" date="1718204098" date_usec="723280" mail="184 white naka medium" user_id="5db63c9e-cd96-4220-addc-299994f4db9e" anonymity="1" nx_jikkyo="1">ぷかー</chat><chat thread="64" no="793" vpos="151345" date="1718204099" date_usec="447995" mail="184 white naka medium" user_id="6fa03d4b-e578-4bae-b8db-ef1154edc25d" anonymity="1" nx_jikkyo="1">あ</chat><chat thread="64" no="794" vpos="151412" date="1718204100" date_usec="110682" mail="184 white naka medium" user_id="36abe338-01ec-4478-b931-a5b4012c500b" anonymity="1" nx_jikkyo="1">あ</chat><chat thread="64" no="795" vpos="152181" date="1718204107" date_usec="800555" mail="184 white naka medium" user_id="a5b55e70-adec-437b-a727-9b48626eae08" anonymity="1" nx_jikkyo="1">H</chat><chat thread="64" no="796" vpos="153381" date="1718204119" date_usec="80180" mail="184 white naka medium" user_id="acd0a955-dbf0-44d8-925e-c2d1b118b109" anonymity="1" nx_jikkyo="1">カズマさんダクネスのために全財産手放したんだよな・・・</chat><chat thread="64" no="797" vpos="153488" date="1718204120" date_usec="875380" mail="184 white naka medium" user_id="5db63c9e-cd96-4220-addc-299994f4db9e" anonymity="1" nx_jikkyo="1">わるふざけー</chat><chat thread="64" no="798" vpos="153635" date="1718204122" date_usec="341135" mail="184 white naka medium" user_id="a5b55e70-adec-437b-a727-9b48626eae08" anonymity="1" nx_jikkyo="1">作画ｗｗ</chat><chat thread="64" no="799" vpos="153731" date="1718204123" date_usec="305519" mail="184 white naka medium" user_id="36abe338-01ec-4478-b931-a5b4012c500b" anonymity="1" nx_jikkyo="1">最終回前だっていうのにコメ少ないな</chat><chat thread="64" no="800" vpos="154067" date="1718204126" date_usec="661039" mail="184 white naka medium" user_id="36abe338-01ec-4478-b931-a5b4012c500b" anonymity="1" nx_jikkyo="1">わるふざけー</chat><chat thread="64" no="801" vpos="154579" date="1718204131" date_usec="78176" mail="184 white naka medium" user_id="6fa03d4b-e578-4bae-b8db-ef1154edc25d" anonymity="1" nx_jikkyo="1">顔ｗｗｗ</chat><chat thread="64" no="802" vpos="154684" date="1718204132" date_usec="8308" mail="184 white naka medium" user_id="9cea8ff3-10f3-4022-afa7-e93a9bdf7855" anonymity="1" nx_jikkyo="1">この顔すこ</chat><chat thread="64" no="803" vpos="154699" date="1718204132" date_usec="980281" mail="184 white naka medium" user_id="fb060946-e284-4e3a-9f4b-0db56e08ec71" anonymity="1" nx_jikkyo="1">ここの作画何度見ても笑う</chat><chat thread="64" no="804" vpos="155316" date="1718204139" date_usec="152380" mail="184 white naka medium" user_id="aec502e2-ab10-4759-a8b4-a4463471dd0f" anonymity="1" nx_jikkyo="1">ここだとコメ最多レベルだぞ(´・ω・｀)</chat><chat thread="64" no="805" vpos="155658" date="1718204142" date_usec="572441" mail="184 white naka medium" user_id="ea1a05f7-a14a-4ac0-81d4-539f0c0658d1" anonymity="1" nx_jikkyo="1">コメ充分多い</chat><chat thread="64" no="806" vpos="156097" date="1718204146" date_usec="967148" mail="184 white naka medium" user_id="a5b55e70-adec-437b-a727-9b48626eae08" anonymity="1" nx_jikkyo="1">ざーめ</chat><chat thread="64" no="807" vpos="156185" date="1718204147" date_usec="849471" mail="184 white naka medium" user_id="8803ff69-502f-4bb7-9885-93a4a51b4cd6" anonymity="1" nx_jikkyo="1">ざめ</chat><chat thread="64" no="808" vpos="156237" date="1718204148" date_usec="360162" mail="184 white naka medium" user_id="5db63c9e-cd96-4220-addc-299994f4db9e" anonymity="1" nx_jikkyo="1">ざーめ</chat><chat thread="64" no="809" vpos="156376" date="1718204149" date_usec="753665" mail="184 white naka medium" user_id="899d4cd6-4370-4999-9628-4bb92bbdac73" anonymity="1" nx_jikkyo="1">Konomi民だけしかいないんじゃないの？</chat><chat thread="64" no="810" vpos="156422" date="1718204150" date_usec="212482" mail="184 white naka medium" user_id="36abe338-01ec-4478-b931-a5b4012c500b" anonymity="1" nx_jikkyo="1">ざーめ</chat><chat thread="64" no="811" vpos="156446" date="1718204150" date_usec="453351" mail="184 white naka medium" user_id="9cea8ff3-10f3-4022-afa7-e93a9bdf7855" anonymity="1" nx_jikkyo="1">ざーめ</chat><chat thread="64" no="812" vpos="157090" date="1718204156" date_usec="89205" mail="184 white naka medium" user_id="80cc1fb3-5a52-4ce5-be99-eb37979d827a" anonymity="1" nx_jikkyo="1">あんま多すぎてもラグるからこのぐらいがいい</chat><chat thread="64" no="813" vpos="157754" date="1718204163" date_usec="534473" mail="184 white naka medium" user_id="a5b55e70-adec-437b-a727-9b48626eae08" anonymity="1" nx_jikkyo="1">これざーさんだったのか</chat><chat thread="64" no="814" vpos="157855" date="1718204164" date_usec="543446" mail="184 white naka medium" user_id="aec502e2-ab10-4759-a8b4-a4463471dd0f" anonymity="1" nx_jikkyo="1">結構止まるよね(´・ω・｀)</chat><chat thread="64" no="815" vpos="158218" date="1718204168" date_usec="171351" mail="184 white naka medium" user_id="4c926b65-1c2c-470b-a9d0-ada60e094683" anonymity="1" nx_jikkyo="1">フカヒレ餃子</chat><chat thread="64" no="816" vpos="159717" date="1718204183" date_usec="162789" mail="184 white naka medium" user_id="6bb6e829-9d73-4362-a59d-efbd9fc43bf1" anonymity="1" nx_jikkyo="1">コメント少ないなと思ったら止まってたりする</chat><chat thread="64" no="817" vpos="160871" date="1718204194" date_usec="701772" mail="184 white naka medium" user_id="db7b3a1c-6e0f-490b-a568-8ada09e6414b" anonymity="1" nx_jikkyo="1">レッドブル飲んだか</chat><chat thread="64" no="818" vpos="160957" date="1718204195" date_usec="567850" mail="184 white naka medium" user_id="5ca456fc-d90e-4b7a-af9c-2fc504bb3d2f" anonymity="1" nx_jikkyo="1">突貫で作ったらしいからなぁ</chat><chat thread="64" no="819" vpos="161015" date="1718204196" date_usec="142414" mail="184 white naka medium" user_id="acd0a955-dbf0-44d8-925e-c2d1b118b109" anonymity="1" nx_jikkyo="1">ニコニコ復旧してもここは避難所として残すらしいね</chat><chat thread="64" no="820" vpos="161060" date="1718204196" date_usec="591974" mail="184 white naka medium" user_id="5db63c9e-cd96-4220-addc-299994f4db9e" anonymity="1" nx_jikkyo="1">やばす</chat><chat thread="64" no="821" vpos="161089" date="1718204196" date_usec="880119" mail="184 white naka medium" user_id="590e5580-5544-4d36-8d25-bc01512b72ad" anonymity="1" nx_jikkyo="1">このたかりサメをころせ</chat><chat thread="64" no="822" vpos="161270" date="1718204198" date_usec="691411" mail="184 white naka medium" user_id="aec502e2-ab10-4759-a8b4-a4463471dd0f" anonymity="1" nx_jikkyo="1">やばす(´・ω・｀)</chat><chat thread="64" no="823" vpos="161659" date="1718204202" date_usec="588340" mail="184 white naka medium" user_id="80cc1fb3-5a52-4ce5-be99-eb37979d827a" anonymity="1" nx_jikkyo="1">やばす</chat><chat thread="64" no="824" vpos="162058" date="1718204206" date_usec="578461" mail="184 white naka medium" user_id="fb060946-e284-4e3a-9f4b-0db56e08ec71" anonymity="1" nx_jikkyo="1">ＮＸ一昨日から使ってるけどコメントの勢い十分すごい</chat><chat thread="64" no="825" vpos="162098" date="1718204206" date_usec="978516" mail="184 white naka medium" user_id="5db63c9e-cd96-4220-addc-299994f4db9e" anonymity="1" nx_jikkyo="1">ｗｗｗ</chat><chat thread="64" no="826" vpos="162164" date="1718204207" date_usec="63925" mail="184 white naka medium" user_id="a5b55e70-adec-437b-a727-9b48626eae08" anonymity="1" nx_jikkyo="1">！？</chat><chat thread="64" no="827" vpos="162271" date="1718204208" date_usec="708841" mail="184 white naka medium" user_id="c32efadd-8adb-43bf-ad00-66cbdf98019a" anonymity="1" nx_jikkyo="1">ｗ</chat><chat thread="64" no="828" vpos="162333" date="1718204209" date_usec="322506" mail="184 white naka medium" user_id="91fc463c-93bb-4293-89c7-fc88a963e0ac" anonymity="1" nx_jikkyo="1">ｗ</chat><chat thread="64" no="829" vpos="162477" date="1718204210" date_usec="762032" mail="184 white naka medium" user_id="36abe338-01ec-4478-b931-a5b4012c500b" anonymity="1" nx_jikkyo="1">ｗｗｗ</chat><chat thread="64" no="830" vpos="162538" date="1718204211" date_usec="375269" mail="184 white naka medium" user_id="8803ff69-502f-4bb7-9885-93a4a51b4cd6" anonymity="1" nx_jikkyo="1">読める</chat><chat thread="64" no="831" vpos="162661" date="1718204212" date_usec="607677" mail="184 white naka medium" user_id="9cea8ff3-10f3-4022-afa7-e93a9bdf7855" anonymity="1" nx_jikkyo="1">ラストか</chat><chat thread="64" no="833" vpos="162722" date="1718204213" date_usec="215799" mail="184 white naka medium" user_id="a5b55e70-adec-437b-a727-9b48626eae08" anonymity="1" nx_jikkyo="1">カット</chat><chat thread="64" no="832" vpos="162789" date="1718204213" date_usec="88934" mail="184 white naka medium" user_id="80cc1fb3-5a52-4ce5-be99-eb37979d827a" anonymity="1" nx_jikkyo="1">卒業式</chat><chat thread="64" no="834" vpos="162928" date="1718204215" date_usec="27968" mail="184 white naka medium" user_id="5db63c9e-cd96-4220-addc-299994f4db9e" anonymity="1" nx_jikkyo="1">こっちこいよ</chat><chat thread="64" no="835" vpos="163018" date="1718204216" date_usec="174403" mail="184 white naka medium" user_id="36abe338-01ec-4478-b931-a5b4012c500b" anonymity="1" nx_jikkyo="1">おいｗ</chat><chat thread="64" no="836" vpos="163048" date="1718204216" date_usec="479566" mail="184 white naka medium" user_id="2e1b6110-4e59-48c6-abeb-ccd5cd073b12" anonymity="1" nx_jikkyo="1">カット</chat><chat thread="64" no="837" vpos="163287" date="1718204218" date_usec="864947" mail="184 white naka medium" user_id="6bb6e829-9d73-4362-a59d-efbd9fc43bf1" anonymity="1" nx_jikkyo="1">言わせてやれよ</chat><chat thread="64" no="838" vpos="163290" date="1718204218" date_usec="898077" mail="184 white naka medium" user_id="1df87d4b-b90f-46db-9487-9ddc373c5fc6" anonymity="1" nx_jikkyo="1">１１話でおわりなんか</chat><chat thread="64" no="839" vpos="163522" date="1718204221" date_usec="218460" mail="184 white naka medium" user_id="8803ff69-502f-4bb7-9885-93a4a51b4cd6" anonymity="1" nx_jikkyo="1">ここ</chat><chat thread="64" no="840" vpos="163556" date="1718204221" date_usec="551323" mail="184 white naka medium" user_id="c32efadd-8adb-43bf-ad00-66cbdf98019a" anonymity="1" nx_jikkyo="1">三途の川生活とは一体</chat><chat thread="64" no="841" vpos="163588" date="1718204221" date_usec="878871" mail="184 white naka medium" user_id="c4ded38f-27c2-4701-b593-afb875e225ea" anonymity="1" nx_jikkyo="1">最終回か</chat><chat thread="64" no="842" vpos="163647" date="1718204222" date_usec="462080" mail="184 white naka medium" user_id="1a79291d-76f7-40ee-8537-ae466b0d258f" anonymity="1" nx_jikkyo="1">11で終わりなのか</chat><chat thread="64" no="843" vpos="163737" date="1718204223" date_usec="360220" mail="184 white naka medium" user_id="80cc1fb3-5a52-4ce5-be99-eb37979d827a" anonymity="1" nx_jikkyo="1">かわいい</chat><chat thread="64" no="844" vpos="164018" date="1718204226" date_usec="176050" mail="184 white naka medium" user_id="9cea8ff3-10f3-4022-afa7-e93a9bdf7855" anonymity="1" nx_jikkyo="1">言わせないｗ</chat><chat thread="64" no="845" vpos="164054" date="1718204226" date_usec="535423" mail="184 white naka medium" user_id="c7b27b48-5bf8-4844-8a3f-863f99b03bda" anonymity="1" nx_jikkyo="1">Z</chat><chat thread="64" no="846" vpos="164164" date="1718204227" date_usec="638668" mail="184 white naka medium" user_id="2a941422-bb44-493d-a3f0-780f41b75b9a" anonymity="1" nx_jikkyo="1">お</chat><chat thread="64" no="847" vpos="164179" date="1718204227" date_usec="784450" mail="184 white naka medium" user_id="36abe338-01ec-4478-b931-a5b4012c500b" anonymity="1" nx_jikkyo="1">あててんのの人もｗ</chat><chat thread="64" no="848" vpos="164182" date="1718204227" date_usec="819533" mail="184 white naka medium" user_id="1a79291d-76f7-40ee-8537-ae466b0d258f" anonymity="1" nx_jikkyo="1">お</chat><chat thread="64" no="850" vpos="164451" date="1718204230" date_usec="500736" mail="184 white naka medium" user_id="5db63c9e-cd96-4220-addc-299994f4db9e" anonymity="1" nx_jikkyo="1">ロシア</chat><chat thread="64" no="849" vpos="164452" date="1718204230" date_usec="51449" mail="184 white naka medium" user_id="db7b3a1c-6e0f-490b-a568-8ada09e6414b" anonymity="1" nx_jikkyo="1">スポーツマンヒップにもっこり</chat><chat thread="64" no="851" vpos="164489" date="1718204230" date_usec="881937" mail="184 white naka medium" user_id="c4ded38f-27c2-4701-b593-afb875e225ea" anonymity="1" nx_jikkyo="1">ロシアは</chat><chat thread="64" no="852" vpos="164489" date="1718204230" date_usec="882188" mail="184 white naka medium" user_id="7bfe6299-5720-40a9-aeae-7a586ddaa758" anonymity="1" nx_jikkyo="1">あ</chat><chat thread="64" no="853" vpos="164659" date="1718204232" date_usec="582602" mail="184 white naka medium" user_id="2687d400-5a9f-4064-8661-d3b6050e8cca" anonymity="1" nx_jikkyo="1">最終回はクリスで終わるんかな？</chat><chat thread="64" no="854" vpos="164727" date="1718204233" date_usec="267713" mail="184 white naka medium" user_id="a5b55e70-adec-437b-a727-9b48626eae08" anonymity="1" nx_jikkyo="1">あ</chat><chat thread="64" no="855" vpos="164913" date="1718204235" date_usec="127868" mail="184 white naka medium" user_id="91fc463c-93bb-4293-89c7-fc88a963e0ac" anonymity="1" nx_jikkyo="1">時期が悪かったやつ</chat><chat thread="64" no="856" vpos="164915" date="1718204235" date_usec="144589" mail="184 white naka medium" user_id="aec502e2-ab10-4759-a8b4-a4463471dd0f" anonymity="1" nx_jikkyo="1">すみぺ(´・ω・｀)</chat><chat thread="64" no="857" vpos="165098" date="1718204236" date_usec="978252" mail="184 white naka medium" user_id="1a79291d-76f7-40ee-8537-ae466b0d258f" anonymity="1" nx_jikkyo="1">作画いいな</chat><chat thread="64" no="858" vpos="165228" date="1718204238" date_usec="274852" mail="184 white naka medium" user_id="36abe338-01ec-4478-b931-a5b4012c500b" anonymity="1" nx_jikkyo="1">ロシアはまずい・・・</chat><chat thread="64" no="859" vpos="165481" date="1718204240" date_usec="802206" mail="184 white naka medium" user_id="fb060946-e284-4e3a-9f4b-0db56e08ec71" anonymity="1" nx_jikkyo="1">これ気になる</chat><chat thread="64" no="860" vpos="165529" date="1718204241" date_usec="283152" mail="184 white naka medium" user_id="80cc1fb3-5a52-4ce5-be99-eb37979d827a" anonymity="1" nx_jikkyo="1">角川枠は大体１０話構成</chat><chat thread="64" no="861" vpos="165563" date="1718204241" date_usec="621969" mail="184 white naka medium" user_id="9cea8ff3-10f3-4022-afa7-e93a9bdf7855" anonymity="1" nx_jikkyo="1">ロシデレやっとかー</chat><chat thread="64" no="862" vpos="165753" date="1718204243" date_usec="522063" mail="184 white naka medium" user_id="ea1a05f7-a14a-4ac0-81d4-539f0c0658d1" anonymity="1" nx_jikkyo="1">すまねぇロシア語はサッパリなんだ</chat><chat thread="64" no="863" vpos="166073" date="1718204246" date_usec="728529" mail="184 white naka medium" user_id="2a941422-bb44-493d-a3f0-780f41b75b9a" anonymity="1" nx_jikkyo="1">製作どこだ</chat><chat thread="64" no="864" vpos="166147" date="1718204247" date_usec="465606" mail="184 white naka medium" user_id="a5b55e70-adec-437b-a727-9b48626eae08" anonymity="1" nx_jikkyo="1">声優狙い撃ちアニメ</chat><chat thread="64" no="865" vpos="166296" date="1718204248" date_usec="957098" mail="184 white naka medium" user_id="3c82e9b7-9498-45b0-a39b-b2d42e4c0361" anonymity="1" nx_jikkyo="1">よく放送できるなｗ</chat><chat thread="64" no="867" vpos="166542" date="1718204251" date_usec="414720" mail="184 white naka medium" user_id="aec502e2-ab10-4759-a8b4-a4463471dd0f" anonymity="1" nx_jikkyo="1">夏はラブコメがやたらおおい(´・ω・｀)</chat><chat thread="64" no="866" vpos="166545" date="1718204251" date_usec="4441" mail="184 white naka medium" user_id="3f32fc9c-6335-46ab-8191-fa9c20aa116d" anonymity="1" nx_jikkyo="1">べつにええやん</chat><chat thread="64" no="868" vpos="166613" date="1718204252" date_usec="120138" mail="184 white naka medium" user_id="6bb6e829-9d73-4362-a59d-efbd9fc43bf1" anonymity="1" nx_jikkyo="1">内容はともかく作画よかったなさっきの</chat><chat thread="64" no="869" vpos="167155" date="1718204257" date_usec="549844" mail="184 white naka medium" user_id="1a79291d-76f7-40ee-8537-ae466b0d258f" anonymity="1" nx_jikkyo="1">ＯＰの戦いはないのか</chat><chat thread="64" no="870" vpos="167467" date="1718204260" date_usec="66028" mail="184 white naka medium" user_id="36abe338-01ec-4478-b931-a5b4012c500b" anonymity="1" nx_jikkyo="1">ウクライナ語じゃ駄目なのか？</chat><chat thread="64" no="871" vpos="167516" date="1718204261" date_usec="154906" mail="184 white naka medium" user_id="5ca456fc-d90e-4b7a-af9c-2fc504bb3d2f" anonymity="1" nx_jikkyo="1">サッパリなんだじゃない奴が主人公</chat><chat thread="64" no="872" vpos="168453" date="1718204270" date_usec="523694" mail="184 white naka medium" user_id="c4ded38f-27c2-4701-b593-afb875e225ea" anonymity="1" nx_jikkyo="1">ロシア要素は村内ないからセーフ</chat><chat thread="64" no="873" vpos="168612" date="1718204272" date_usec="119951" mail="184 white naka medium" user_id="fb060946-e284-4e3a-9f4b-0db56e08ec71" anonymity="1" nx_jikkyo="1">このすば来週で完結しちゃいますか？</chat><chat thread="64" no="874" vpos="168788" date="1718204273" date_usec="876341" mail="184 white naka medium" user_id="1a79291d-76f7-40ee-8537-ae466b0d258f" anonymity="1" nx_jikkyo="1">ウクライナ語ってあるんか？</chat><chat thread="64" no="875" vpos="169252" date="1718204278" date_usec="514621" mail="184 white naka medium" user_id="80cc1fb3-5a52-4ce5-be99-eb37979d827a" anonymity="1" nx_jikkyo="1">ウクライナも公用語は大体ロシア語だぞ</chat><chat thread="64" no="876" vpos="170286" date="1718204288" date_usec="852442" mail="184 white naka medium" user_id="c7b27b48-5bf8-4844-8a3f-863f99b03bda" anonymity="1" nx_jikkyo="1">おっちゃん待機</chat><chat thread="64" no="877" vpos="170591" date="1718204291" date_usec="909812" mail="184 white naka medium" user_id="aec502e2-ab10-4759-a8b4-a4463471dd0f" anonymity="1" nx_jikkyo="1">団地妻待機(´・ω・｀)</chat><chat thread="64" no="878" vpos="171133" date="1718204297" date_usec="320691" mail="184 white naka medium" user_id="2a941422-bb44-493d-a3f0-780f41b75b9a" anonymity="1" nx_jikkyo="1">若作り団地妻</chat><chat thread="64" no="879" vpos="171794" date="1718204303" date_usec="934895" mail="184 white naka medium" user_id="36abe338-01ec-4478-b931-a5b4012c500b" anonymity="1" nx_jikkyo="1">ウクライナ語あるよ</chat><chat thread="64" no="880" vpos="172788" date="1718204313" date_usec="876118" mail="184 white naka medium" user_id="3f32fc9c-6335-46ab-8191-fa9c20aa116d" anonymity="1" nx_jikkyo="1">ちょっとえちえちなアニメ待機</chat><chat thread="64" no="881" vpos="172870" date="1718204314" date_usec="692601" mail="184 white naka medium" user_id="c4ded38f-27c2-4701-b593-afb875e225ea" anonymity="1" nx_jikkyo="1">エーロギャザリング待機</chat><chat thread="64" no="882" vpos="174870" date="1718204334" date_usec="692188" mail="184 white naka medium" user_id="80cc1fb3-5a52-4ce5-be99-eb37979d827a" anonymity="1" nx_jikkyo="1">ロシアが悪いんじゃなくてプーチンが悪い</chat><chat thread="64" no="883" vpos="179812" date="1718204384" date_usec="113621" mail="184 white naka medium" user_id="80cc1fb3-5a52-4ce5-be99-eb37979d827a" anonymity="1" nx_jikkyo="1">ルフィってあんななのか。</chat></packet>